titre,entreprise,contrat,localisation,lien,date_scraping,source
Data Scientist CDD 9 mois (F/H),Axa,Cdd,Télétravail,https://www.welcometothejungle.com/fr/companies/axa/jobs/data-scientist-cdd-9-mois-f-h_nanterre,2026-02-10,WTTJ
Data Scientist - Voice Agents (F/H) - Stage de 6 mois,Axa,Stage,Télétravail,https://www.welcometothejungle.com/fr/companies/axa/jobs/data-scientist-voice-agents-f-h-stage-de-6-mois_malakoff,2026-02-10,WTTJ
Data Scientist  (H/F),Datascientest,Stage,Télétravail,https://www.welcometothejungle.com/fr/companies/datascientest/jobs/data-scientist-stage_puteaux,2026-02-10,WTTJ
Data Scientist / IA - ALTERNANCE  H/F,Macif,Alternance,Télétravail,https://www.welcometothejungle.com/fr/companies/macif/jobs/data-scientist-ia-alternance-h-f_issy-les-moulineaux,2026-02-10,WTTJ
Manager Data Scientist - Macroeconomic Modeling,Quantcube Technology,Non précisé,Paris,https://www.welcometothejungle.com/fr/companies/quantcube-technology/jobs/manager-data-scientist_paris,2026-02-10,WTTJ
Practice Leader Data/IA,5 Degres,Non précisé,Paris,https://www.welcometothejungle.com/fr/companies/5-degres/jobs/practice-leader-data-ia_paris,2026-02-10,WTTJ
[VO2 Finance] - Data Scientist/Analyst,Vo2 Group,Non précisé,Paris,https://www.welcometothejungle.com/fr/companies/vo2-group/jobs/vo2-finance-data-scientist-analyst_paris,2026-02-10,WTTJ
Data Scientist,Margo,Projets Pricing & Segmentation – Practice IA MARGO,Paris,https://www.welcometothejungle.com/fr/companies/margo/jobs/data-scientist-projets-pricing-segmentation-practice-ia-margo_paris,2026-02-10,WTTJ
Lead Data Scientist – IA & GenAI,Margo,Practice IA MARGO,Paris,https://www.welcometothejungle.com/fr/companies/margo/jobs/lead-data-scientist-ia-genai-practice-ia-margo_paris,2026-02-10,WTTJ
Data Scientist Manager,Artefact,Non précisé,Paris,https://www.welcometothejungle.com/fr/companies/artefact/jobs/data-scientist-manager_paris_ARTEF_gzlzRNK,2026-02-10,WTTJ
ALTERNANCE - Data Scientist H/F,Totalenergies,Alternance,Télétravail,https://www.welcometothejungle.com/fr/companies/totalenergies/jobs/alternance-data-scientist-h-f_nanterre_TOTAL_z46krDM,2026-02-10,WTTJ
Senior Data Scientist (English & French fluent),Dataiku,Non précisé,Paris,https://www.welcometothejungle.com/fr/companies/dataiku/jobs/senior-data-scientist-english-french-fluent_paris,2026-02-10,WTTJ
Consultant IA - Stage de fin d'études Paris - Theodo Data & AI,Sicara,Stage,Paris,https://www.welcometothejungle.com/fr/companies/sicara/jobs/consultant-ia-stage-de-fin-d-etudes-paris-theodo-data-ai_paris,2026-02-10,WTTJ
Candidature spontanée - Theodo Data & AI,Sicara,Non précisé,Paris,https://www.welcometothejungle.com/fr/companies/sicara/jobs/candidature-spontanee-theodo-data-ai_paris,2026-02-10,WTTJ
Consultant Senior AI Advisory - CDI Paris - Theodo Data & AI,Sicara,Cdi,Paris,https://www.welcometothejungle.com/fr/companies/sicara/jobs/manager-consultant-senior-ai-advisory_paris,2026-02-10,WTTJ
Data Scientist,Step Consulting,Non précisé,Grenoble,https://www.welcometothejungle.com/fr/companies/step-consulting/jobs/data-scientist_grenoble,2026-02-10,WTTJ
Senior Data Scientist,Kiro Fr,Non précisé,Paris,https://www.welcometothejungle.com/fr/companies/kiro-fr/jobs/senior-data-scientist_paris_KIRO_zQQMpm8,2026-02-10,WTTJ
Data Scientist Health Monitoring F/H,Safran,Non précisé,Télétravail,https://www.welcometothejungle.com/fr/companies/safran/jobs/data-scientist-health-monitoring-f-h_chateaufort_SAFRA_7p1w55k,2026-02-10,WTTJ
Ingénieur(e) Data Scientist confirmé(e) - Industrie - Lyon,Cs Group,Non précisé,Lyon,https://www.welcometothejungle.com/fr/companies/cs-group/jobs/ingenieur-data-scientist-confirme-industrie-lyon_lyon_CS_RlDOVLp,2026-02-10,WTTJ
End of Study Data Scientist Intern in Engineering Team,Greenly,Non précisé,Paris,https://www.welcometothejungle.com/fr/companies/greenly/jobs/end-of-study-data-scientist-intern-in-engineering-team_paris,2026-02-10,WTTJ
Data Scientist LLM / AI H/F,Expleo,Non précisé,Télétravail,https://www.welcometothejungle.com/fr/companies/expleo/jobs/data-scientist-llm-ai-h-f_montigny-le-bretonneux,2026-02-10,WTTJ
Data Scientist (CDI),Elax Energie,Cdi,Paris,https://www.welcometothejungle.com/fr/companies/elax-energie/jobs/data-scientist_paris_EE_r7KGyg9,2026-02-10,WTTJ
V.I.E. Data Scientist (Operational Risk),Societe Generale,Non précisé,Télétravail,https://www.welcometothejungle.com/fr/companies/societe-generale/jobs/v-i-e-data-scientist-operational-risk_montreal,2026-02-10,WTTJ
Chef de projet Data Science - Office GDO f/h,Bnp Paribas,Non précisé,Paris,https://www.welcometothejungle.com/fr/companies/bnp-paribas/jobs/chef-de-projet-data-science-office-gdo-f-h_paris_BP_1W59DQL,2026-02-10,WTTJ
Consultant·e Data Scientist & AI Engineer - Senior,Saegus,Non précisé,Paris,https://www.welcometothejungle.com/fr/companies/saegus/jobs/consultant-e-data-scientist-ai-engineer-senior_paris_SAEGU_qQeolqr,2026-02-10,WTTJ
"V.I.E, Data Scientist, Londres H/F",Bnp Paribas,Non précisé,Puteaux,https://www.welcometothejungle.com/fr/companies/bnp-paribas/jobs/v-i-e-data-scientist-londres-h-f_puteaux,2026-02-10,WTTJ
Senior Data Scientist,Artefact,Non précisé,Paris,https://www.welcometothejungle.com/fr/companies/artefact/jobs/senior-data-scientist_paris_ARTEF_AJ288jP,2026-02-10,WTTJ
CDI - Data Scientist - H/F,Mediaperformances,Cdi,Télétravail,https://www.welcometothejungle.com/fr/companies/mediaperformances/jobs/cdi-data-scientist-h-f_courbevoie,2026-02-10,WTTJ
IA Scientist F/H,Matmut Fr,Non précisé,Télétravail,https://www.welcometothejungle.com/fr/companies/matmut-fr/jobs/ia-scientist-f-h_sotteville,2026-02-10,WTTJ
Expert géospatial / GeoAI / Data Science (H/F),Atos,Non précisé,Toulouse,https://www.welcometothejungle.com/fr/companies/atos/jobs/expert-geospatial-geoai-data-science-h-f_toulouse,2026-02-10,WTTJ
Stage - Data Scientist (F/H),Younited,Stage,Paris,https://www.welcometothejungle.com/fr/companies/younited/jobs/data-scientist-f-h_paris,2026-02-10,WTTJ
Consultant Data Scientist – Expert Media(H/F),Axys Consultants,Non précisé,Levallois,https://www.welcometothejungle.com/fr/companies/axys-consultants/jobs/consultant-data-scientist-expert-media-h-f_levallois-perret,2026-02-10,WTTJ
Data Scientist (H/F),Lidl Fr,Non précisé,France,https://www.welcometothejungle.com/fr/companies/lidl-fr/jobs/data-scientist-h-f_chatenay-malabry,2026-02-10,WTTJ
CDD - Data scientist H/F,Groupe Credit Agricole,Cdd,Télétravail,https://www.welcometothejungle.com/fr/companies/groupe-credit-agricole/jobs/cdd-data-scientist-h-f_montrouge,2026-02-10,WTTJ
Consultant(e) Senior Data Science & IA,Siaxperience,Non précisé,Paris,https://www.welcometothejungle.com/fr/companies/siaxperience/jobs/consultant-senior-data-science-ia_paris_SIA_KK8Q8RR,2026-02-10,WTTJ
STAGE - Assistant Data Scientist - Mesures et réduction des biais des LLMs H/F,Groupe Credit Agricole,Stage,Télétravail,https://www.welcometothejungle.com/fr/companies/groupe-credit-agricole/jobs/stage-assistant-data-scientist-mesures-et-reduction-des-biais-des-llms-h-f_montrouge,2026-02-10,WTTJ
Stage - Health Data Scientist (H/F),Withings,Stage,Télétravail,https://www.welcometothejungle.com/fr/companies/withings/jobs/stage-health-data-scientist-h-f_issy-les-moulineaux_WITHI_A1Q2mzd,2026-02-10,WTTJ
Data Scientist / Applied AI Developer,Animaj,Non précisé,Paris,https://www.welcometothejungle.com/fr/companies/animaj/jobs/data-scientist-applied-ai-developer_paris,2026-02-10,WTTJ
Senior Business Data Scientist - Marketing & Commercial effectiveness (H/M/N),Ekimetrics,Non précisé,Paris,https://www.welcometothejungle.com/fr/companies/ekimetrics/jobs/senior-consultant-data-scientist-f-m-n-paris_paris,2026-02-10,WTTJ
DATA SCIENTIST - GENERATION DE DONNEES SYNTHETIQUES - H/F,Banque De France,Non précisé,Paris,https://www.welcometothejungle.com/fr/companies/banque-de-france/jobs/data-scientist-generation-de-donnees-synthetiques-h-f_paris-9e-arrondissement,2026-02-10,WTTJ
DATA SCIENTIST & IA - H/F,Banque De France,Non précisé,Paris,https://www.welcometothejungle.com/fr/companies/banque-de-france/jobs/data-scientist-ia-h-f_paris-9e-arrondissement,2026-02-10,WTTJ
Data Scientist - H/F,Mp Data,Non précisé,Télétravail,https://www.welcometothejungle.com/fr/companies/mp-data/jobs/data-scientist-h-f_balma_MD_QpW88bw,2026-02-10,WTTJ
Stage Data Scientist (H/F) - 6 mois,Javelot,Stage,Paris,https://www.welcometothejungle.com/fr/companies/javelot/jobs/stage-data-scientist-h-f-6-mois_paris,2026-02-10,WTTJ
Junior Data Scientist (6-month Internship) 2025-2026,Kayrros,Non précisé,Paris,https://www.welcometothejungle.com/fr/companies/kayrros/jobs/junior-data-scientist-6-month-internship-2025-2026_paris,2026-02-10,WTTJ
"Data Scientist Intern, AI in Care Team",Back Market,Non précisé,Paris,https://www.welcometothejungle.com/fr/companies/back-market/jobs/data-scientist-intern-ai-core-team_paris,2026-02-10,WTTJ
"Consultant Senior / Manager Data Scientist Data & IA Strategy, Risk & Trustworthy AI Analyst F/H",Deloitte,Non précisé,Paris,https://www.welcometothejungle.com/fr/companies/deloitte/jobs/consultant-senior-manager-data-scientist-data-ia-strategy-risk-trustworthy-ai-analyst-f-h_paris-la-defense,2026-02-10,WTTJ
Consultant Risk Data Analyst / Data Scientist (H/F),Deloitte,Non précisé,Paris,https://www.welcometothejungle.com/fr/companies/deloitte/jobs/consultant-risk-data-analyst-data-scientist-h-f_paris-la-defense_DELOI_08gWXwy,2026-02-10,WTTJ
Data Scientist - Actuaire - Stages - Offre groupée - (F/H),Axa,Stage,Télétravail,https://www.welcometothejungle.com/fr/companies/axa/jobs/data-scientist-actuaire-stages-offre-groupee-f-h_suresnes_AXA_VAl8dmW,2026-02-10,WTTJ
Senior Data Scientist NLP/GenAI - Catalog,Mirakl,Non précisé,Paris,https://www.welcometothejungle.com/fr/companies/mirakl/jobs/data-scientist-nlp-genai-catalog_paris,2026-02-10,WTTJ
Senior Data Scientist NLP/GenAI - Catalog,Mirakl,Non précisé,Paris,https://www.welcometothejungle.com/fr/companies/mirakl/jobs/data-scientist-nlp-genai-catalog_paris_MIRAK_bAL9ZOl,2026-02-10,WTTJ
Data Scientist - Computer Vision,Mirakl,Non précisé,Bordeaux,https://www.welcometothejungle.com/fr/companies/mirakl/jobs/data-scientist-computer-vision_bordeaux_MIRAK_A0Xz6ZR,2026-02-10,WTTJ
Data Scientist - Computer Vision,Mirakl,Non précisé,Paris,https://www.welcometothejungle.com/fr/companies/mirakl/jobs/data-scientist-computer-vision_paris_MIRAK_yWxmKz6,2026-02-10,WTTJ
Data Scientist - Computer Vision,Mirakl,Non précisé,Paris,https://www.welcometothejungle.com/fr/companies/mirakl/jobs/data-scientist-computer-vision_paris_MIRAK_dMPoaP3,2026-02-10,WTTJ
Data Scientist & IA [stage fin d'études] - Paris,Wedr,Stage,Paris,https://www.welcometothejungle.com/fr/companies/wedr/jobs/data-scientist-ia-stage-fin-d-etudes-paris_paris,2026-02-10,WTTJ
DATA SCIENTIST CONFIRME,Ministere Des Armees Fr,Non précisé,Paris,https://www.welcometothejungle.com/fr/companies/ministere-des-armees-fr/jobs/data-scientist-confirme_paris,2026-02-10,WTTJ
Data Scientist H/F,Nexton Consulting,Non précisé,Lille,https://www.welcometothejungle.com/fr/companies/nexton-consulting/jobs/data-scientist-h-f_lille_NEXTO_12Rox70,2026-02-10,WTTJ
Data Scientist / Machine Learning Engineer Confirmé F/H,Oney,Non précisé,Télétravail,https://www.welcometothejungle.com/fr/companies/oney/jobs/data-scientist-machine-learning-engineer-confirme-f-h_croix,2026-02-10,WTTJ
Senior Data Scientist F/M (Remote/Hybrid),Betclic,Non précisé,Paris,https://www.welcometothejungle.com/fr/companies/betclic/jobs/senior-data-scientist-f-m-remote-hybrid_bordeaux_BG_JZegwpb,2026-02-10,WTTJ
Stage de fin d’études - Data Scientist,Polynom,Stage,Télétravail,https://www.welcometothejungle.com/fr/companies/polynom/jobs/stage-data-scientist_rueil-malmaison,2026-02-10,WTTJ
Internship – Data Scientist – Conseil en stratégie & transition environnementale,Blunomy,Non précisé,Paris,https://www.welcometothejungle.com/fr/companies/blunomy/jobs/internship-data-scientist-conseil-en-strategie-transition-environnementale_paris,2026-02-10,WTTJ
Data Scientist,Capgemini,Non précisé,Paris,https://www.welcometothejungle.com/fr/companies/capgemini/jobs/data-scientist_paris_CAPGE_bRl3QDN,2026-02-10,WTTJ
Consultant.e - Product Data Scientist,Wigroup,Non précisé,Paris,https://www.welcometothejungle.com/fr/companies/wigroup/jobs/consultant-e-product-data-scientist_paris,2026-02-10,WTTJ
Stage de fin d’études Consultant(e) Data Science & IA,Siaxperience,Stage,Paris,https://www.welcometothejungle.com/fr/companies/siaxperience/jobs/stage-de-fin-d-etudes-consultant-data-science-ia_paris_SIA_XbqQmMK,2026-02-10,WTTJ
Lead Data Scientist ML et CV - Energies Renouvelables,Skyvisor,Non précisé,Rennes,https://www.welcometothejungle.com/fr/companies/skyvisor/jobs/data-scientist-confirme-ml-et-cv-energies-renouvelables_rennes,2026-02-10,WTTJ
Data Scientist ML et CV - Energies Renouvelables,Skyvisor,Non précisé,Rennes,https://www.welcometothejungle.com/fr/companies/skyvisor/jobs/data-scientist-ml-et-cv-energies-renouvelables_rennes,2026-02-10,WTTJ
Manager Data Scientist,Publicis Sapient,Non précisé,Paris,https://www.welcometothejungle.com/fr/companies/publicis-sapient/jobs/manager-data-scientist_paris_PS_OLrZKD,2026-02-10,WTTJ
Data Scientist (H/F),Withings,Non précisé,Télétravail,https://www.welcometothejungle.com/fr/companies/withings/jobs/data-scientist-h-f_issy-les-moulineaux_WITHI_KlPzlb3,2026-02-10,WTTJ
Senior Data Scientist,Aqemia,Non précisé,Paris,https://www.welcometothejungle.com/fr/companies/aqemia/jobs/senior-staff-data-scientist_paris,2026-02-10,WTTJ
Principal Data Scientist,Aqemia,Non précisé,Paris,https://www.welcometothejungle.com/fr/companies/aqemia/jobs/staff-data-scientist_paris,2026-02-10,WTTJ
Data Scientist & Recherche Opérationnelle confirmé (H/F),Mp Data,Non précisé,Boulogne,https://www.welcometothejungle.com/fr/companies/mp-data/jobs/data-scientist-recherche-operationnelle-confirme-h-f_boulogne-billancourt,2026-02-10,WTTJ
Data Scientist - Go To Market,Spendesk,Non précisé,Paris,https://www.welcometothejungle.com/fr/companies/spendesk/jobs/data-scientist-go-to-market_paris,2026-02-10,WTTJ
Ingénieur(e) Data Scientist confirmé(e) - Industrie - Le Plessis Robinson,Cs Group,Non précisé,France,https://www.welcometothejungle.com/fr/companies/cs-group/jobs/ingenieur-data-scientist-confirme-industrie-le-plessis-robinson_le-plessis-robinson_CS_edRKprV,2026-02-10,WTTJ
Data Scientist – Optimisation Énergies Renouvelables,Mp Data,Non précisé,Boulogne,https://www.welcometothejungle.com/fr/companies/mp-data/jobs/data-scientist-confirme-ia-generative_boulogne-billancourt,2026-02-10,WTTJ
Senior data scientist (H/F),Mp Data,Non précisé,Télétravail,https://www.welcometothejungle.com/fr/companies/mp-data/jobs/senior-data-scientist-h-f_balma_MD_2LLLMgj,2026-02-10,WTTJ
Senior Data Scientist NLP/GenAI - Catalog,Mirakl,Non précisé,Bordeaux,https://www.welcometothejungle.com/fr/companies/mirakl/jobs/data-scientist-nlp-genai-catalog_bordeaux,2026-02-10,WTTJ
STAGE - Data Scientist H/F - 6 mois,Bnp Paribas,Stage,Paris,https://www.welcometothejungle.com/fr/companies/bnp-paribas/jobs/stage-data-scientist-h-f-6-mois_paris_BP_8g4WdKg,2026-02-10,WTTJ
"Data Scientist, France - BCG X",Boston Consulting Group,Non précisé,Paris,https://www.welcometothejungle.com/fr/companies/boston-consulting-group/jobs/data-scientist-bcg-x_paris,2026-02-10,WTTJ
Stage Data Scientist - Paris,Artefact,Stage,Paris,https://www.welcometothejungle.com/fr/companies/artefact/jobs/intern-data-scientist_paris,2026-02-10,WTTJ
Senior Data analyst / Data scientist,Oderis,Non précisé,Paris,https://www.welcometothejungle.com/fr/companies/oderis/jobs/senior-data-analyst-data-scientist_paris,2026-02-10,WTTJ
Stagiaire Data Analyst / Data Scientist F/H,Safran Aircraft Engines,Non précisé,Télétravail,https://www.welcometothejungle.com/fr/companies/safran-aircraft-engines/jobs/stagiaire-data-analyst-data-scientist-f-h_evry,2026-02-10,WTTJ
ALTERNANCE - Data Scientist H/F,Totalenergies,Alternance,Télétravail,https://www.welcometothejungle.com/fr/companies/totalenergies/jobs/alternance-data-scientist-h-f_nanterre,2026-02-10,WTTJ
STAGE - Data Scientist H/F H/F,Groupe Credit Agricole,Stage,Télétravail,https://www.welcometothejungle.com/fr/companies/groupe-credit-agricole/jobs/stage-data-scientist-h-f-h-f_montrouge,2026-02-10,WTTJ
Data Scientist - ROUBAIX H/F,Groupe Credit Agricole,Non précisé,Télétravail,https://www.welcometothejungle.com/fr/companies/groupe-credit-agricole/jobs/data-scientist-roubaix-h-f_roubaix,2026-02-10,WTTJ
Data Scientist - CDD - 5 mois - ROUBAIX H/F,Groupe Credit Agricole,Cdd,Télétravail,https://www.welcometothejungle.com/fr/companies/groupe-credit-agricole/jobs/data-scientist-cdd-5-mois-roubaix-h-f_roubaix,2026-02-10,WTTJ
Data Scientist F/H,Aphp,Non précisé,Paris,https://www.welcometothejungle.com/fr/companies/aphp/jobs/data-scientist-f-h_paris_ADDSND_qK9Mw95,2026-02-10,WTTJ
"Architecte Senior Data Science, ML, AI & GenAI",Societe Generale,Non précisé,La Défense,https://www.welcometothejungle.com/fr/companies/societe-generale/jobs/architecte-senior-data-science-ml-ai-genai_la-defense,2026-02-10,WTTJ
HAVAS MEDIA FRANCE - STAGE - DATA SCIENTIST IA & DÉVELOPPEMENT JUNIOR - F/H,Havas Sa,Stage,Puteaux,https://www.welcometothejungle.com/fr/companies/havas-sa/jobs/havas-media-france-stage-data-scientist-ia-developpement-junior-f-h_puteaux,2026-02-10,WTTJ
Data Science Intern,Pernod Ricard,Non précisé,Paris,https://www.welcometothejungle.com/fr/companies/pernod-ricard/jobs/data-science-intern_paris_PR_qyZ5GKj,2026-02-10,WTTJ
Stage Data Scientist,Mirakl,Stage,Paris,https://www.welcometothejungle.com/fr/companies/mirakl/jobs/stage-data-scientist_paris,2026-02-10,WTTJ
Junior Data Scientist - Casablanca,Artefact,Non précisé,Paris,https://www.welcometothejungle.com/fr/companies/artefact/jobs/junior-data-scientist-casablanca_paris,2026-02-10,WTTJ
Manager Data Scientist - Casablanca,Artefact,Non précisé,Paris,https://www.welcometothejungle.com/fr/companies/artefact/jobs/manager-data-scientist-casablanca_paris,2026-02-10,WTTJ
Senior Data Scientist - Casablanca,Artefact,Non précisé,Paris,https://www.welcometothejungle.com/fr/companies/artefact/jobs/senior-data-scientist-casablanca_paris,2026-02-10,WTTJ
Data Science - Senior Manager,Jakala,Non précisé,Paris,https://www.welcometothejungle.com/fr/companies/jakala/jobs/data-science-senior-manager_paris,2026-02-10,WTTJ
Data Scientist F/H,Safran Aircraft Engines,Non précisé,Télétravail,https://www.welcometothejungle.com/fr/companies/safran-aircraft-engines/jobs/data-scientist-f-h_montereau_SAE_2Zl4ypO,2026-02-10,WTTJ
Stage - Agro-Data Scientist F/H,Groupe Roullier,Stage,Télétravail,https://www.welcometothejungle.com/fr/companies/groupe-roullier/jobs/stage-agro-data-scientist-f-h_saint-malo,2026-02-10,WTTJ
Data Scientist,Mistral Ai,Non précisé,Paris,https://www.welcometothejungle.com/fr/companies/mistral-ai/jobs/data-scientist_paris,2026-02-10,WTTJ
Lead Data Scientist,Illuin Tech,Non précisé,Paris,https://www.welcometothejungle.com/fr/companies/illuin-tech/jobs/lead-data-scientist_paris,2026-02-10,WTTJ
Data Scientist Roboticien H/F,Capgemini,Non précisé,Télétravail,https://www.welcometothejungle.com/fr/companies/capgemini/jobs/data-scientist-roboticien-h-f_aix-en-provence,2026-02-10,WTTJ
Healthcare Data Scientist - F/H,Sysnav,Non précisé,Paris,https://www.welcometothejungle.com/fr/companies/sysnav/jobs/healthcare-data-scientist-f-h,2026-02-10,WTTJ
Data Scientist - en Stage (F/H),Carrefour,Stage,Massy,https://www.welcometothejungle.com/fr/companies/carrefour/jobs/data-scientist-en-stage-f-h_massy_CARRE_GZad8A5,2026-02-10,WTTJ
DATA SCIENTIST F/H,Groupe Adp,Non précisé,Paris,https://www.welcometothejungle.com/fr/companies/groupe-adp/jobs/data-scientist-f-h_tremblay-en-france_GA_4D4mbw0,2026-02-10,WTTJ
STAGE - Ingénieure / Ingénieur généraliste avec une spécialité en Data Science,Arianegroup,Stage,France,https://www.welcometothejungle.com/fr/companies/arianegroup/jobs/stage-ingenieure-ingenieur-generaliste-avec-une-specialite-en-data-science_saint-medard-en-jalles,2026-02-10,WTTJ
Data Science Manager,Illuin Tech,Non précisé,Paris,https://www.welcometothejungle.com/fr/companies/illuin-tech/jobs/data-science-manager_paris,2026-02-10,WTTJ
Data Scientist - Electricity Markets - Stage,Le Groupe Nw,Stage,Paris,https://www.welcometothejungle.com/fr/companies/le-groupe-nw/jobs/data-scientist-marches-electricite-france_paris,2026-02-10,WTTJ
Data scientist (stage),Datacraft,Stage,Paris,https://www.welcometothejungle.com/fr/companies/datacraft/jobs/data-scientist-stage_paris,2026-02-10,WTTJ
Data Scientist Pricing Optimization (F/H),Axa,Non précisé,Télétravail,https://www.welcometothejungle.com/fr/companies/axa/jobs/data-scientist-pricing-optimization-f-h_suresnes,2026-02-10,WTTJ
Data Scientist / Actuaire - Souscription – H/F,Axa,Non précisé,Télétravail,https://www.welcometothejungle.com/fr/companies/axa/jobs/data-scientist-actuaire-souscription-h-f_suresnes_AXA_bDPglkW,2026-02-10,WTTJ
DATA SCIENTIST H/F,Cnp Assurances,Non précisé,France,https://www.welcometothejungle.com/fr/companies/cnp-assurances/jobs/data-scientist-h-f_issy-les-moulineaux_CA_oYJM7MQ,2026-02-10,WTTJ
Data Scientist Senior (F/H),Vertone,Non précisé,Paris,https://www.welcometothejungle.com/fr/companies/vertone/jobs/data-scientist-senior-f-h_paris_VERTO_o9q4Pr,2026-02-10,WTTJ
Chef de projets Data Science (H/F),Suez,Non précisé,France,https://www.welcometothejungle.com/fr/companies/suez/jobs/chef-de-projets-data-science-h-f_pessac,2026-02-10,WTTJ
Consultant(e) Confirme(e) Data / IA H/F,Mc2I,Non précisé,Paris,https://www.welcometothejungle.com/fr/companies/mc2i/jobs/consultant-confirme-data-ia-h-f_paris_MC2I_WDxzbZ0,2026-02-10,WTTJ
Consultant(e) Confirme(e) Data / IA H/F,Mc2I,Non précisé,Paris,https://www.welcometothejungle.com/fr/companies/mc2i/jobs/consultant-confirme-data-ia-h-f_paris_MC2I_xyo0x2r,2026-02-10,WTTJ
Consultant(e) Confirme(e) Data / IA H/F,Mc2I,Non précisé,Paris,https://www.welcometothejungle.com/fr/companies/mc2i/jobs/consultant-confirme-data-ia-h-f_paris_MC2I_YodNm11,2026-02-10,WTTJ
DSR 75 Sécurité Routière ATR BSI Data Scientist confirmé (SIC),Ministere De L Interieur,Non précisé,Paris,https://www.welcometothejungle.com/fr/companies/ministere-de-l-interieur/jobs/dsr-75-securite-routiere-atr-bsi-data-scientist-confirme-sic_paris,2026-02-10,WTTJ
Stage Data Scientist-NLP,Codoc,Stage,Paris,https://www.welcometothejungle.com/fr/companies/codoc/jobs/stage-nlp_paris,2026-02-10,WTTJ
Data Scientist H/F - CDI,Plebicom,Cdi,Lyon,https://www.welcometothejungle.com/fr/companies/plebicom/jobs/data-scientist-h-f-cdi_lyon,2026-02-10,WTTJ
Data Scientist (H/F) - Stage 6 mois (stage de césure possible),Allphins,Stage,Paris,https://www.welcometothejungle.com/fr/companies/allphins/jobs/data-scientist-h-f-stage-6-mois-teletravail-possible_paris,2026-02-10,WTTJ
Data Scientists / ML Engineers,Coface,Non précisé,France,https://www.welcometothejungle.com/fr/companies/coface/jobs/data-scientists-ml-engineers_bois-colombes,2026-02-10,WTTJ
DATA SCIENTIST - H/F,Banque De France,Non précisé,Paris,https://www.welcometothejungle.com/fr/companies/banque-de-france/jobs/data-scientist-h-f_paris-9e-arrondissement,2026-02-10,WTTJ
Stage 2026 - Data Science et Machine Learning/AI practitionner - Sujet : Data attribution (H/F/N),Ekimetrics,Stage,Paris,https://www.welcometothejungle.com/fr/companies/ekimetrics/jobs/stage-2026-data-science-et-machine-learning-ai-practitionner-sujet-data-attribution-h-f-n_paris,2026-02-10,WTTJ
Stage - Deep Learning Scientist (H/F),Safran Ai,Stage,Paris,https://www.welcometothejungle.com/fr/companies/safran-ai/jobs/stage-deep-learning-scientist-h-f_paris_SE_D306dKG,2026-02-10,WTTJ
Data Scientist,Jedha,Non précisé,Paris,https://www.welcometothejungle.com/fr/companies/jedha/jobs/data-scientist_paris,2026-02-10,WTTJ
Data Scientist & Recherche Opérationnelle confirmé (H/F),Mp Data,Non précisé,Marseille,https://www.welcometothejungle.com/fr/companies/mp-data/jobs/data-scientist-recherche-operationnelle-confirme-h-f_marseille,2026-02-10,WTTJ
Data Scientist: Technical Pricing (F/H),Axa,Non précisé,Télétravail,https://www.welcometothejungle.com/fr/companies/axa/jobs/data-scientist-technical-pricing-f-h_suresnes_AXA_PDR1ogl,2026-02-10,WTTJ
"Data Scientist (Market Intelligence) - Internship, Paris",Spinergie,Non précisé,Paris,https://www.welcometothejungle.com/fr/companies/spinergie/jobs/data-scientist-market-intelligence-internship-paris_paris_SPINE_po5VYqb,2026-02-10,WTTJ
Stage de fin d’études Consultant(e) Data Scientist / Recherche Opérationnelle,Siaxperience,Stage,Paris,https://www.welcometothejungle.com/fr/companies/siaxperience/jobs/stage-de-fin-d-etudes-consultant-data-scientist-recherche-operationnelle_paris_SIA_D5KDX0X,2026-02-10,WTTJ
Stage de fin d'étude - Consultant(e) Data Science - Marketing & Stratégie,Siaxperience,Stage,Paris,https://www.welcometothejungle.com/fr/companies/siaxperience/jobs/stage-de-fin-d-etude-consultant-data-science-marketing-strategie_paris,2026-02-10,WTTJ
Consultant(e) Data Scientist / Recherche Opérationnelle,Siaxperience,Non précisé,Paris,https://www.welcometothejungle.com/fr/companies/siaxperience/jobs/consultant-data-scientist-recherche-operationnelle_paris_SIA_NXlqwQ1,2026-02-10,WTTJ
R&D Data Scientist - Intern,Descartesunderwriting,Non précisé,Paris,https://www.welcometothejungle.com/fr/companies/descartesunderwriting/jobs/r-d-data-scientist-intern_paris_DU_m8dggwA,2026-02-10,WTTJ
Data Scientist - Intern,Descartesunderwriting,Non précisé,Paris,https://www.welcometothejungle.com/fr/companies/descartesunderwriting/jobs/data-scientist-intern_paris,2026-02-10,WTTJ
Alternant / Stagiaire Data & IA H/F,Wevioo,Alternant,Paris,https://www.welcometothejungle.com/fr/companies/wevioo/jobs/alternant-data-ia-h-f_paris,2026-02-10,WTTJ
Data Scientist (F/H),Axa,Non précisé,Télétravail,https://www.welcometothejungle.com/fr/companies/axa/jobs/data-scientist-f-h_nanterre_AXA_j58qOM6,2026-02-10,WTTJ
Data Scientist – Practice IA chez MARGO,Margo,Projets Marketing & Optimisation,Paris,https://www.welcometothejungle.com/fr/companies/margo/jobs/data-scientist-practice-ia-chez-margo-projets-marketing-optimisation_paris,2026-02-10,WTTJ
DATA SCIENTIST,Ministere Des Armees Fr,Non précisé,Paris,https://www.welcometothejungle.com/fr/companies/ministere-des-armees-fr/jobs/data-scientist_paris,2026-02-10,WTTJ
Data Scientist Bureau d'Etudes Support et Services F/H,Safran Aircraft Engines,Non précisé,Télétravail,https://www.welcometothejungle.com/fr/companies/safran-aircraft-engines/jobs/data-scientist-bureau-d-etudes-support-et-services-f-h_montereau-sur-le-jard,2026-02-10,WTTJ
DATA ANALYST/SCIENTIST,Lineup 7,Non précisé,Paris,https://www.welcometothejungle.com/fr/companies/lineup-7/jobs/data-analyst-scientist_paris,2026-02-10,WTTJ
Consultant Data Analyst / Scientist - Stage FE (H-F),Arcane,Stage,Paris,https://www.welcometothejungle.com/fr/companies/arcane/jobs/consultant-data-analyst-scientist-stage-fe-h-f_paris_ARCAN_6lqKbP7,2026-02-10,WTTJ
DATA SCIENTIST - H/F,Banque De France,Non précisé,Paris,https://www.welcometothejungle.com/fr/companies/banque-de-france/jobs/data-scientist-h-f_paris-1er-arrondissement_BDF_V7DPG9,2026-02-10,WTTJ
DATA SCIENTIST DIGITALISATION DES PROCESSUS LCB-FT - H/F,Banque De France,Non précisé,Paris,https://www.welcometothejungle.com/fr/companies/banque-de-france/jobs/data-scientist-digitalisation-des-processus-lcb-ft-h-f_paris-1er-arrondissement,2026-02-10,WTTJ
Expert Transformation Data et IA F/H,Jcdecaux,Non précisé,France,https://www.welcometothejungle.com/fr/companies/jcdecaux/jobs/expert-transformation-data-et-ia-f-h_neuilly-sur-seine,2026-02-10,WTTJ
Stage - 6 mois - Data scientist F/H,Natixis,Stage,Paris,https://www.welcometothejungle.com/fr/companies/natixis/jobs/stage-6-mois-data-scientist-f-h_paris_NATIX_2OO5m0P,2026-02-10,WTTJ
Data Scientist H/F,Pmu,Non précisé,Paris,https://www.welcometothejungle.com/fr/companies/pmu/jobs/data-scientist-h-f_paris_PMU_rGGrgAZ,2026-02-10,WTTJ
Data Scientist - AI Marketplace Platform,Mirakl,Non précisé,Paris,https://www.welcometothejungle.com/fr/companies/mirakl/jobs/data-scientist-ai-marketplace-platform_paris_MIRAK_o6d0KgL,2026-02-10,WTTJ
Data Scientist - AI Marketplace Platform,Mirakl,Non précisé,Paris,https://www.welcometothejungle.com/fr/companies/mirakl/jobs/data-scientist-ai-marketplace-platform_paris,2026-02-10,WTTJ
Data Scientist - AI Marketplace Platform,Mirakl,Non précisé,Bordeaux,https://www.welcometothejungle.com/fr/companies/mirakl/jobs/data-scientist-ai-marketplace-platform_bordeaux,2026-02-10,WTTJ
Senior Data Scientist (at Kamino Retail),Equativ,Non précisé,Paris,https://www.welcometothejungle.com/fr/companies/equativ/jobs/senior-data-scientist-at-kamino-retail_paris,2026-02-10,WTTJ
Data Scientist (H/F) - CDI,Unibail Rodamco Westfield Fr,Cdi,Paris,https://www.welcometothejungle.com/fr/companies/unibail-rodamco-westfield-fr/jobs/data-scientist-h-f-cdi_paris,2026-02-10,WTTJ
Lead Data Scientist Confirmé/e ou Sénior,Bial X,Non précisé,Paris,https://www.welcometothejungle.com/fr/companies/bial-x/jobs/lead-data-scientist-confirme-e-ou-senior,2026-02-10,WTTJ
Datascientist Confirmé Energie,Bial X,Non précisé,Paris,https://www.welcometothejungle.com/fr/companies/bial-x/jobs/datascientist-confirme-energie_limonest_BIALX_rdewRl9,2026-02-10,WTTJ
Stage (H/F) - Data Analyst/Scientist,Greenyellow,Stage,Puteaux,https://www.welcometothejungle.com/fr/companies/greenyellow/jobs/stage-h-f-data-analyst-scientist_puteaux,2026-02-10,WTTJ
DATA SCIENTIST - H/F,Banque De France,Non précisé,France,https://www.welcometothejungle.com/fr/companies/banque-de-france/jobs/data-scientist-h-f_la-courneuve,2026-02-10,WTTJ
Data Scientist confirmé ou senior F/H,Artelys,Non précisé,Paris,https://www.welcometothejungle.com/fr/companies/artelys/jobs/data-scientist-confirme-ou-senior-f-h_paris_ARTEL_5dY0llM,2026-02-10,WTTJ
Consultant Data Scientist Senior (IA / IA Générative) - H/F - CDI,Talan,Cdi,Paris,https://www.welcometothejungle.com/fr/companies/talan/jobs/consultant-data-scientist-senior-ia-ia-generative-h-f-cdi_paris,2026-02-10,WTTJ
Data Scientist Référent & Expert Intelligence Artificielle,Societe Generale Assurances,Non précisé,Télétravail,https://www.welcometothejungle.com/fr/companies/societe-generale-assurances/jobs/data-scientist-referent-expert-intelligence-artificielle_courbevoie,2026-02-10,WTTJ
"Data Scientist / Analyst / Engineer Finance, Risque et Performance (H/F) – CDI – Paris",Quadratic Fr,Cdi,Paris,https://www.welcometothejungle.com/fr/companies/quadratic-fr/jobs/data-scientist-finance-risque-et-performance-h-f-cdi-paris_paris,2026-02-10,WTTJ
Data Scientist,Blablacar,Non précisé,Paris,https://www.welcometothejungle.com/fr/companies/blablacar/jobs/data-scientist_paris_BLABL_wYLkRqZ,2026-02-10,WTTJ
EXPERT IA & DATA SCIENCE - VALORISATION D'ACTIFS & RISQUES DE POLITIQUE MONETAIRE - H/F,Banque De France,Non précisé,Paris,https://www.welcometothejungle.com/fr/companies/banque-de-france/jobs/expert-ia-data-science-valorisation-d-actifs-risques-de-politique-monetaire-h-f_paris-1er-arrondissement,2026-02-10,WTTJ
Data Engineer - Data Scientist,Metroscope,Non précisé,Paris,https://www.welcometothejungle.com/fr/companies/metroscope/jobs/data-engineer_paris_METRO_DrOqN30,2026-02-10,WTTJ
DATA SCIENTIST H/F,Cnp Assurances,Non précisé,France,https://www.welcometothejungle.com/fr/companies/cnp-assurances/jobs/data-scientist-h-f_issy-les-moulineaux_CA_Vzmrp69,2026-02-10,WTTJ
DATA SCIENTIST H/F,Cnp Assurances,Non précisé,France,https://www.welcometothejungle.com/fr/companies/cnp-assurances/jobs/data-scientist-h-f_issy-les-moulineaux_CA_WJqdXkz,2026-02-10,WTTJ
STAGE - Data Scientist pour la propriété intellectuelle - F/H,Thales,Stage,Toulouse,https://www.welcometothejungle.com/fr/companies/thales/jobs/stage-data-scientist-pour-la-propriete-intellectuelle-f-h_toulouse,2026-02-10,WTTJ
Data Scientist / Analyse Senior (H/F) - CDI - Paris,Quadratic Fr,Cdi,Paris,https://www.welcometothejungle.com/fr/companies/quadratic-fr/jobs/consultant-data-scientist-analyst-senior_paris,2026-02-10,WTTJ
Data Scientist,Locala,Non précisé,Marseille,https://www.welcometothejungle.com/fr/companies/locala/jobs/data-scientist_marseille_LOCAL_z7VgzA2,2026-02-10,WTTJ
DATA SCIENTIST,Ministere Des Armees Fr,Non précisé,La Défense,https://www.welcometothejungle.com/fr/companies/ministere-des-armees-fr/jobs/data-scientist_malakoff,2026-02-10,WTTJ
Data Scientist - Internship,Cure51,Non précisé,Paris,https://www.welcometothejungle.com/fr/companies/cure51/jobs/data-scientist-intern_paris_CURE5_k9QlpLz,2026-02-10,WTTJ
Senior Data Scientist - CDI,Descartesunderwriting,Cdi,Paris,https://www.welcometothejungle.com/fr/companies/descartesunderwriting/jobs/senior-underwriter-cdi_paris,2026-02-10,WTTJ
Stagiaire Data Analyst / Scientist,Powerz,Non précisé,Paris,https://www.welcometothejungle.com/fr/companies/powerz/jobs/stagiaire-data-analyst-scientist_paris,2026-02-10,WTTJ
Stage - Data Scientist - H/F,Bnp Paribas,Stage,Paris,https://www.welcometothejungle.com/fr/companies/bnp-paribas/jobs/stage-data-scientist-h-f_paris_BP_m9KQeRq,2026-02-10,WTTJ
Ingénieur Data Scientist DataIku F/H,Thales,Non précisé,France,https://www.welcometothejungle.com/fr/companies/thales/jobs/ingenieur-data-scientist-dataiku-f-h_brest,2026-02-10,WTTJ
HCARTEC-GES-FDP-DATA SCIENTIST,Ministere Des Armees Fr,Non précisé,Paris,https://www.welcometothejungle.com/fr/companies/ministere-des-armees-fr/jobs/hcartec-ges-fdp-data-scientist_paris,2026-02-10,WTTJ
Senior Data Scientist (F/H) - Audit Interne CIB,Natixis,Non précisé,Paris,https://www.welcometothejungle.com/fr/companies/natixis/jobs/senior-data-scientist-f-h-audit-interne-cib_paris_NATIX_N92zJl3,2026-02-10,WTTJ
Data Scientist,Illuin Tech,Non précisé,Paris,https://www.welcometothejungle.com/fr/companies/illuin-tech/jobs/data-scientist_la-defense,2026-02-10,WTTJ
Data Scientist,Ministere De L Interieur,Non précisé,Télétravail,https://www.welcometothejungle.com/fr/companies/ministere-de-l-interieur/jobs/data-scientist_issy-les-moulineaux,2026-02-10,WTTJ
Data Scientist Crédit International H/F,Groupe Credit Agricole,Non précisé,Massy,https://www.welcometothejungle.com/fr/companies/groupe-credit-agricole/jobs/data-scientist-credit-international-h-f_massy,2026-02-10,WTTJ
Data Scientist H/F,Groupe Credit Agricole,Non précisé,Télétravail,https://www.welcometothejungle.com/fr/companies/groupe-credit-agricole/jobs/data-scientist-h-f_roubaix,2026-02-10,WTTJ
Data scientist risk (R3C) H/F,Groupe Credit Agricole,Non précisé,Massy,https://www.welcometothejungle.com/fr/companies/groupe-credit-agricole/jobs/data-scientist-risk-r3c-h-f_massy,2026-02-10,WTTJ
Inspecteur DATA SCIENTIST / Coordination Internationale H/F,Groupe Credit Agricole,Non précisé,Massy,https://www.welcometothejungle.com/fr/companies/groupe-credit-agricole/jobs/inspecteur-data-scientist-coordination-internationale-h-f_massy,2026-02-10,WTTJ
Lead Data Scientist H/F,Expleo,Non précisé,Télétravail,https://www.welcometothejungle.com/fr/companies/expleo/jobs/lead-data-scientist-h-f_montigny-le-bretonneux_EXPLE_Gb4M8Ry,2026-02-10,WTTJ
Lead Data Scientist H/F,Expleo,Non précisé,Télétravail,https://www.welcometothejungle.com/fr/companies/expleo/jobs/lead-data-scientist-h-f_montigny-le-bretonneux,2026-02-10,WTTJ
Freelance Data Scientist - AI Marketplace Platform,Mirakl,Freelance,Paris,https://www.welcometothejungle.com/fr/companies/mirakl/jobs/freelance-data-scientist-ai-marketplace-platform_paris_MIRAK_R7Mybqp,2026-02-10,WTTJ
Freelance Data Scientist - AI Marketplace Platform,Mirakl,Freelance,Bordeaux,https://www.welcometothejungle.com/fr/companies/mirakl/jobs/freelance-data-scientist-ai-marketplace-platform_bordeaux,2026-02-10,WTTJ
Freelance Data Scientist - AI Marketplace Platform,Mirakl,Freelance,Paris,https://www.welcometothejungle.com/fr/companies/mirakl/jobs/freelance-data-scientist-ai-marketplace-platform_paris,2026-02-10,WTTJ
Data Scientist Junior,Beamy,Non précisé,Paris,https://www.welcometothejungle.com/fr/companies/beamy/jobs/data-scientist-junior_paris,2026-02-10,WTTJ
[SFR] Stagiaire (h/f) - Data Scientist,Altice France,Non précisé,Paris,https://www.welcometothejungle.com/fr/companies/altice-france/jobs/sfr-stagiaire-h-f-data-scientist_paris_SAF_Zg2JRky,2026-02-10,WTTJ
Data Scientist,Informatique Aux Finances Publiques,Non précisé,Toulouse,https://www.welcometothejungle.com/fr/companies/informatique-aux-finances-publiques/jobs/data-scientist,2026-02-10,WTTJ
ANALYSTES DATA SCIENCE ET STATISTIQUES - H/F,Banque De France,Non précisé,Paris,https://www.welcometothejungle.com/fr/companies/banque-de-france/jobs/analystes-data-science-et-statistiques-h-f_paris-9e-arrondissement,2026-02-10,WTTJ
Senior Data Scientist,Brightheart,Non précisé,Paris,https://www.welcometothejungle.com/fr/companies/brightheart/jobs/senior-data-scientist_paris,2026-02-10,WTTJ
Consultant.e en Data / IA,Artik Consulting,Non précisé,Télétravail,https://www.welcometothejungle.com/fr/companies/artik-consulting/jobs/consultant-e-en-data-ia_issy-les-moulineaux,2026-02-10,WTTJ
DBI - CDI - CONSULTING DIRECTOR - DATA SCIENCE & IA - H/F,Havas Sa,Cdi,Puteaux,https://www.welcometothejungle.com/fr/companies/havas-sa/jobs/havas-dbi-cdi-data-consulting-manager-h-f_puteaux,2026-02-10,WTTJ
Stage - Data Scientist Junior F/H - Charenton le Pont,Groupe Bpce,Stage,Télétravail,https://www.welcometothejungle.com/fr/companies/groupe-bpce/jobs/stage-data-scientist-junior-f-h-charenton-le-pont_charenton-le-pont,2026-02-10,WTTJ
Senior Data Scientist (Marketing) (m/f/d),Artefact,Non précisé,Paris,https://www.welcometothejungle.com/fr/companies/artefact/jobs/senior-data-scientist-marketing-m-f-d_paris,2026-02-10,WTTJ
Data Scientist IA  H/F,Open,Non précisé,Télétravail,https://www.welcometothejungle.com/fr/companies/open/jobs/data-scientist-ia-h-f_villeurbanne,2026-02-10,WTTJ
Lead AI and Data Science,Pigment,Non précisé,Paris,https://www.welcometothejungle.com/fr/companies/pigment/jobs/senior-lead-of-ai-data-science_paris,2026-02-10,WTTJ
Stage - 6 mois - Analyste Quantitatif / Data Scientist F/H,Natixis,Stage,Paris,https://www.welcometothejungle.com/fr/companies/natixis/jobs/stage-6-mois-analyste-quantitatif-data-scientist-f-h_paris_NATIX_mdRzM3a,2026-02-10,WTTJ
Stage - 6 mois - Data scientist F/H,Natixis,Stage,Paris,https://www.welcometothejungle.com/fr/companies/natixis/jobs/stage-6-mois-data-scientist-f-h_paris_NATIX_6RXMRkJ,2026-02-10,WTTJ
Data Scientist intern,Karmen,Non précisé,Paris,https://www.welcometothejungle.com/fr/companies/karmen/jobs/data-scientist-intern_paris_KARME_1OKQ038,2026-02-10,WTTJ
"AI Scientist - Paris, London (Internship Phd)",Mistral Ai,Non précisé,Paris,https://www.welcometothejungle.com/fr/companies/mistral-ai/jobs/ai-scientist-paris-internship-phd_paris,2026-02-10,WTTJ
Senior Data Scientist - Computer Vision,Vizzia,Non précisé,Paris,https://www.welcometothejungle.com/fr/companies/vizzia/jobs/senior-data-scientist-computer-vision_paris,2026-02-10,WTTJ
Lead Data Scientist et MLOPS H/F,Groupe Credit Agricole,Non précisé,Télétravail,https://www.welcometothejungle.com/fr/companies/groupe-credit-agricole/jobs/lead-data-scientist-et-mlops-h-f_villejuif,2026-02-10,WTTJ
Stage 2026 - Data Science et Machine Learning/AI practitionner - Sujet : Foundation models for tabular data (H/F/N),Ekimetrics,Stage,Paris,https://www.welcometothejungle.com/fr/companies/ekimetrics/jobs/stage-2025-data-science-et-machine-learning-ai-practitionner-sujet-foundation-models-for-tabular-data-h-f-n_paris,2026-02-10,WTTJ
R&D DATA & BIOSTATISTICS SCIENTIST - H/F,Lesaffre,Non précisé,France,https://www.welcometothejungle.com/fr/companies/lesaffre/jobs/r-d-data-biostatistics-scientist-h-f_marcq-en-baroeul,2026-02-10,WTTJ
STAGE - Data Scientist - Computer Vision,Altametris,Stage,Télétravail,https://www.welcometothejungle.com/fr/companies/altametris/jobs/stage-developpement-d-un-modele-de-detection-d-objets-3d-dans-les-nuages-de-points_saint-denis,2026-02-10,WTTJ
Stage IA/Data science,Lemon Learning,Stage,Paris,https://www.welcometothejungle.com/fr/companies/lemon-learning/jobs/stage-ia-datascience-engineer_paris,2026-02-10,WTTJ
Consultant Data & IA H/F,Open,Non précisé,Levallois,https://www.welcometothejungle.com/fr/companies/open/jobs/consultant-data-ia-h-f_levallois-perret_OPEN_3p7Ml2,2026-02-10,WTTJ
AI Scientist - Paris/London - Onsite or Hybrid or Remote,Mistral Ai,Non précisé,Paris,https://www.welcometothejungle.com/fr/companies/mistral-ai/jobs/ai-scientist-paris-london_paris,2026-02-10,WTTJ
Data Scientist KYC H/F,Groupe Credit Agricole,Non précisé,Télétravail,https://www.welcometothejungle.com/fr/companies/groupe-credit-agricole/jobs/data-scientist-kyc-h-f_montrouge,2026-02-10,WTTJ
Stage - 6 mois - Data Scientist en évaluation des risques F/H,Natixis,Stage,Paris,https://www.welcometothejungle.com/fr/companies/natixis/jobs/stage-6-mois-data-scientist-en-evaluation-des-risques-f-h_paris_NATIX_38VXN1j,2026-02-10,WTTJ
Ingénieur-e DataScientist - Statisticien-ne F/H,Safran Aircraft Engines,Non précisé,Télétravail,https://www.welcometothejungle.com/fr/companies/safran-aircraft-engines/jobs/ingenieur-e-datascientist-statisticien-ne-f-h_colombes,2026-02-10,WTTJ
Senior Solutions Data Scientist,Dataiku,Non précisé,Paris,https://www.welcometothejungle.com/fr/companies/dataiku/jobs/senior-solutions-data-scientist_paris_DATAI_56R1wGL,2026-02-10,WTTJ
Senior Data Scientist (W/M),Lesaffre,Non précisé,France,https://www.welcometothejungle.com/fr/companies/lesaffre/jobs/senior-data-scientist-w-m_marcq-en-baroeul,2026-02-10,WTTJ
Senior AI Scientist,Pigment,Non précisé,Paris,https://www.welcometothejungle.com/fr/companies/pigment/jobs/senior-data-scientist-generative-ai-nlp-specialist_paris,2026-02-10,WTTJ
Data Manager & Scientist,L Oreal,Non précisé,Télétravail,https://www.welcometothejungle.com/fr/companies/l-oreal/jobs/data-manager-scientist_aulnay-sous-bois,2026-02-10,WTTJ
AI Engineer / Scientist confirmé F/H,Deloitte,Non précisé,Lyon,https://www.welcometothejungle.com/fr/companies/deloitte/jobs/ai-engineer-scientist-confirme-f-h_lyon,2026-02-10,WTTJ
AI Scientist - Audio,Mistral Ai,Non précisé,Paris,https://www.welcometothejungle.com/fr/companies/mistral-ai/jobs/ai-scientist-audio_paris,2026-02-10,WTTJ
Senior Deep Learning Scientist (H/F),Safran Ai,Non précisé,Paris,https://www.welcometothejungle.com/fr/companies/safran-ai/jobs/senior-deep-learning-scientist-h-f_paris,2026-02-10,WTTJ
AI Scientist - Robotics,Mistral Ai,Non précisé,Paris,https://www.welcometothejungle.com/fr/companies/mistral-ai/jobs/ai-scientist-robotics_paris,2026-02-10,WTTJ
Data Analyst / Intelligence Artificielle,Datascientest,Alternance (H/F),Télétravail,https://www.welcometothejungle.com/fr/companies/datascientest/jobs/data-analyst-intelligence-artificielle-alternance-h-f_puteaux,2026-02-10,WTTJ
Product Manager Data & IA (F/H),Wefiit,Non précisé,Paris,https://www.welcometothejungle.com/fr/companies/wefiit/jobs/product-manager-data-ia-f-h_paris,2026-02-10,WTTJ
Consultant.e - Data Product Manager,Wigroup,Non précisé,Paris,https://www.welcometothejungle.com/fr/companies/wigroup/jobs/data-product-manager_paris,2026-02-10,WTTJ
Product Owner / Product Manager Data (H/F),Monsieur Guiz,Non précisé,Paris,https://www.welcometothejungle.com/fr/companies/monsieur-guiz/jobs/product-manager-data-h-f_paris,2026-02-10,WTTJ
Data engineer confirmé,Capgemini,Non précisé,Grenoble,https://www.welcometothejungle.com/fr/companies/capgemini/jobs/data-engineer-confirme_grenoble_CAPGE_MbqywON,2026-02-10,WTTJ
Product Manager Data IA H/F,Hellowork,Non précisé,Rennes,https://www.welcometothejungle.com/fr/companies/hellowork/jobs/product-manager-data-ia-h-f_rennes,2026-02-10,WTTJ
Data Engineer,Karmen,Non précisé,Paris,https://www.welcometothejungle.com/fr/companies/karmen/jobs/data-engineer_paris_KARME_W6qRgzV,2026-02-10,WTTJ
Marketing & Data Strategy - Consultant,Jakala,Non précisé,Paris,https://www.welcometothejungle.com/fr/companies/jakala/jobs/digital-data-strategy-consultant_paris_JFS_rYYZ62R,2026-02-10,WTTJ
Geospatial Data Engineer,Axa Climate,Non précisé,Paris,https://www.welcometothejungle.com/fr/companies/axa-climate/jobs/geospatial-data-engineer_paris,2026-02-10,WTTJ
Scientist - Analytical Chemist,Lesaffre,Non précisé,France,https://www.welcometothejungle.com/fr/companies/lesaffre/jobs/scientist-analytical-chemist_marcq-en-baroeul,2026-02-10,WTTJ
Metabolomics Scientist (W/M),Lesaffre,Non précisé,France,https://www.welcometothejungle.com/fr/companies/lesaffre/jobs/metabolomics-scientist-w-m_marcq-en-baroeul,2026-02-10,WTTJ
Consultant Datascientist - Risques de Crédit & Climatiques (H/F),Square Management,Non précisé,Télétravail,https://www.welcometothejungle.com/fr/companies/square-management/jobs/consultant-datascientist-risques-de-credit-climatiques-h-f_neuilly-sur-seine_SM_2dL0Yd5,2026-02-10,WTTJ
Deep Learning on accumulated LiDAR PointCloud - Internship Toulouse,Easymile,Non précisé,Toulouse,https://www.welcometothejungle.com/fr/companies/easymile/jobs/deep-learning-on-accumulated-lidar-pointcloud-internship-toulouse_toulouse,2026-02-10,WTTJ
Expert Dataiku H/F/NB,Keyrus,Non précisé,Bordeaux,https://www.welcometothejungle.com/fr/companies/keyrus/jobs/expert-dataiku-h-f-nb_bordeaux_KEYRU_PRd7a7,2026-02-10,WTTJ
STAGE OUVRIER DECOUVERTE DES TP 46 F/H,Vinci Construction Fr,Stage,France,https://www.welcometothejungle.com/fr/companies/vinci-construction-fr/jobs/stage-ouvrier-decouverte-des-tp-46-f-h_nanterre,2026-02-10,WTTJ
STAGE OUVRIER DECOUVERTE DES TP 81 F/H,Vinci Construction Fr,Stage,France,https://www.welcometothejungle.com/fr/companies/vinci-construction-fr/jobs/stage-ouvrier-decouverte-des-tp-81-f-h_nanterre_VC_W6myx7r,2026-02-10,WTTJ
STAGE OUVRIER DECOUVERTE DES TP 47 F/H,Vinci Construction Fr,Stage,France,https://www.welcometothejungle.com/fr/companies/vinci-construction-fr/jobs/stage-ouvrier-decouverte-des-tp-47-f-h_nanterre,2026-02-10,WTTJ
STAGE OUVRIER DECOUVERTE DES TP 82 F/H,Vinci Construction Fr,Stage,France,https://www.welcometothejungle.com/fr/companies/vinci-construction-fr/jobs/stage-ouvrier-decouverte-des-tp-82-f-h_nanterre,2026-02-10,WTTJ
STAGE OUVRIER DECOUVERTE DES TP 17 F/H,Vinci Construction Fr,Stage,France,https://www.welcometothejungle.com/fr/companies/vinci-construction-fr/jobs/stage-ouvrier-decouverte-des-tp-17-f-h_nanterre,2026-02-10,WTTJ
STAGE OUVRIER DECOUVERTE DES TP 79 F/H,Vinci Construction Fr,Stage,France,https://www.welcometothejungle.com/fr/companies/vinci-construction-fr/jobs/stage-ouvrier-decouverte-des-tp-79-f-h_nanterre_VC_kzpxb3,2026-02-10,WTTJ
STAGE OUVRIER DECOUVERTE DES TP 19 F/H,Vinci Construction Fr,Stage,France,https://www.welcometothejungle.com/fr/companies/vinci-construction-fr/jobs/stage-ouvrier-decouverte-des-tp-19-f-h_nanterre_VC_bJaOrgW,2026-02-10,WTTJ
STAGE OUVRIER DECOUVERTE DES TP 16 F/H,Vinci Construction Fr,Stage,France,https://www.welcometothejungle.com/fr/companies/vinci-construction-fr/jobs/stage-ouvrier-decouverte-des-tp-16-f-h_nanterre,2026-02-10,WTTJ
Expert Dataiku H/F/NB,Keyrus,Non précisé,Levallois,https://www.welcometothejungle.com/fr/companies/keyrus/jobs/expert-dataiku-h-f-nb_levallois-perret,2026-02-10,WTTJ
DSI France,Colliers France,Non précisé,Levallois,https://www.welcometothejungle.com/fr/companies/colliers-france/jobs/dsi-france_levallois-perret,2026-02-10,WTTJ
Stage : Modèle de Fondation Multi-Capteurs pour la Santé - (H/F),Withings,Stage,Télétravail,https://www.welcometothejungle.com/fr/companies/withings/jobs/stage-modele-de-fondation-multi-capteurs-pour-la-sante-h-f_issy-les-moulineaux,2026-02-10,WTTJ
Expert Technique Dataiku F/H,Safran Aircraft Engines,Non précisé,Bordeaux,https://www.welcometothejungle.com/fr/companies/safran-aircraft-engines/jobs/tech-lead-data-science-f-h_bordeaux,2026-02-10,WTTJ
Future AI Global leaders - Applied Science,Mistral Ai,Non précisé,Paris,https://www.welcometothejungle.com/fr/companies/mistral-ai/jobs/future-ai-global-leaders-applied-science_paris,2026-02-10,WTTJ
Chef(fe) d'équipe du datalab H/F,Viginum,Non précisé,Paris,https://www.welcometothejungle.com/fr/companies/viginum/jobs/chef-fe-d-equipe-du-datalab-h-f_paris,2026-02-10,WTTJ
AI Engineer,Hubvisory,Non précisé,Paris,https://www.welcometothejungle.com/fr/companies/hubvisory/jobs/ai-engineer_paris,2026-02-10,WTTJ
Assistant de recherche (H/F),L Espi,Non précisé,Levallois,https://www.welcometothejungle.com/fr/companies/l-espi/jobs/assistant-de-recherche-h-f_levallois-perret,2026-02-10,WTTJ
Responsable secteur Contrôle des Matières Nucléaires F/H,Orano,Non précisé,France,https://www.welcometothejungle.com/fr/companies/orano/jobs/responsable-secteur-controle-des-matieres-nucleaires-f-h_pierrelatte_ORANO_Pr1OMYl,2026-02-10,WTTJ
Geographic Information System (GIS) - Climate Science Expert H/F,Suez,Non précisé,France,https://www.welcometothejungle.com/fr/companies/suez/jobs/geographic-information-system-gis-climate-science-expert-h-f_nanterre,2026-02-10,WTTJ
Consultant Senior - Énergie & Environnement (F/H),Vertone,Non précisé,Paris,https://www.welcometothejungle.com/fr/companies/vertone/jobs/consultant-senior-energie-environnement-f-h_paris,2026-02-10,WTTJ
Climate Risk Consultant - Internship,Axa Climate,Non précisé,Paris,https://www.welcometothejungle.com/fr/companies/axa-climate/jobs/climate-risk-consultant-internship_paris_AC_V3wPrRx,2026-02-10,WTTJ
Chercheur ou Chercheuse post-doctorant.e F/H H/F,Sciences Po,Non précisé,Paris,https://www.welcometothejungle.com/fr/companies/sciences-po/jobs/chercheur-ou-chercheuse-post-doctorant-e-f-h-h-f_paris,2026-02-10,WTTJ
CDI - GenAI Engineer (Paris),Matera,Cdi,Paris,https://www.welcometothejungle.com/fr/companies/matera/jobs/cdi-genai-engineer-paris_paris,2026-02-10,WTTJ
Consultant.e Machine Learning engineer Senior,Kanbios,Non précisé,Paris,https://www.welcometothejungle.com/fr/companies/kanbios/jobs/consultant-e-machine-learning-engineer-confirme-e_paris,2026-02-10,WTTJ
Confirmed GenAI Engineer,Craft Ai,Non précisé,Paris,https://www.welcometothejungle.com/fr/companies/craft-ai/jobs/confirmed-data-scientist_paris,2026-02-10,WTTJ
Un.e Product Builder IA ou PM IA,Yeita,Non précisé,Paris,https://www.welcometothejungle.com/fr/companies/yeita/jobs/un-e-product-builder-ia-ou-pm-ia_paris,2026-02-10,WTTJ
Senior Product Manager Skills - CDI - Lyon,365Talents,Cdi,Lyon,https://www.welcometothejungle.com/fr/companies/365talents/jobs/senior-product-manager-skills-cdi-lyon_lyon,2026-02-10,WTTJ
Senior Product Manager,Dotfile,Non précisé,Paris,https://www.welcometothejungle.com/fr/companies/dotfile/jobs/senior-product-manager_paris,2026-02-10,WTTJ
Product Designer IA (H/F),Monsieur Guiz,Non précisé,Paris,https://www.welcometothejungle.com/fr/companies/monsieur-guiz/jobs/product-designer-ia-h-f_paris,2026-02-10,WTTJ
Product Manager Consultant – Financial Services,Kanbios,Non précisé,Paris,https://www.welcometothejungle.com/fr/companies/kanbios/jobs/consultant-product-manager-services-financiers_paris,2026-02-10,WTTJ
Senior Consultant - Financial Services,Kanbios,Non précisé,Paris,https://www.welcometothejungle.com/fr/companies/kanbios/jobs/consultant-senior-digital-product-banque-assurance_paris,2026-02-10,WTTJ
Product Owner / Product Manager IA (H/F),Monsieur Guiz,Non précisé,Paris,https://www.welcometothejungle.com/fr/companies/monsieur-guiz/jobs/product-owner-ia-h-f_paris,2026-02-10,WTTJ
Manager - Stratégie et modèle d'entreprise,Capgemini Invent,Non précisé,Télétravail,https://www.welcometothejungle.com/fr/companies/capgemini-invent/jobs/manager-strategie-et-modele-d-entreprise_issy-les-moulineaux_CI_KWLdYjN,2026-02-10,WTTJ
Alternance Ingénieur logiciel front-end (F/H),Frog,Alternance,Montpellier,https://www.welcometothejungle.com/fr/companies/frog/jobs/alternance-ingenieur-logiciel-front-end-f-h,2026-02-10,WTTJ
Développeur Fullstack JS|Python (F/H),Frog,Non précisé,Montpellier,https://www.welcometothejungle.com/fr/companies/frog/jobs/developpeur-fullstack-js-python-f-h,2026-02-10,WTTJ
Stagiaire Motion Designer – Paris,Frog,Non précisé,Paris,https://www.welcometothejungle.com/fr/companies/frog/jobs/stagiaire-motion-designer-paris_issy-les-moulineaux,2026-02-10,WTTJ
Stage Planning Stratégique  – Paris,Frog,Stage,Paris,https://www.welcometothejungle.com/fr/companies/frog/jobs/stage-planning-strategique-paris_issy-les-moulineaux,2026-02-10,WTTJ
Analyst Developer H/F,Infolegale,Non précisé,Lyon,https://www.welcometothejungle.com/fr/companies/infolegale/jobs/analyst-developer-h-f_lyon,2026-02-10,WTTJ
QA IA (Quality Assurance IA / AI Test Engineer),Skapa,Non précisé,Paris,https://www.welcometothejungle.com/fr/companies/skapa/jobs/qa-ia-quality-assurance-ia-ai-test-engineer_paris,2026-02-10,WTTJ
Data Scientist F/H,iPepper,101888,France,https://www.apec.fr/candidat/recherche-emploi.html/emploi/detail-offre/178077294W,2026-02-10,APEC
Data Scientist F/H,UNION TECHNOLOGIES INFORMATIQUE,101888,France,https://www.apec.fr/candidat/recherche-emploi.html/emploi/detail-offre/177991516W,2026-02-10,APEC
DATA SCIENTIST F/H,INFORCA S.A.M,101888,France,https://www.apec.fr/candidat/recherche-emploi.html/emploi/detail-offre/177993395W,2026-02-10,APEC
Data Scientist F/H,D3S,101888,France,https://www.apec.fr/candidat/recherche-emploi.html/emploi/detail-offre/177736742W,2026-02-10,APEC
Data Scientist F/H,Consort Group,101888,France,https://www.apec.fr/candidat/recherche-emploi.html/emploi/detail-offre/177964629W,2026-02-10,APEC
Data Scientist F/H,PMU,101888,France,https://www.apec.fr/candidat/recherche-emploi.html/emploi/detail-offre/177936381W,2026-02-10,APEC
Data Scientist F/H,KLANIK,101888,France,https://www.apec.fr/candidat/recherche-emploi.html/emploi/detail-offre/178095720W,2026-02-10,APEC
Data Scientist F/H,MICHAEL PAGE INTERNATIONAL FRANCE,101888,France,https://www.apec.fr/candidat/recherche-emploi.html/emploi/detail-offre/178024651W,2026-02-10,APEC
Data Scientist F/H,DEEPTECH SERVICES,101888,France,https://www.apec.fr/candidat/recherche-emploi.html/emploi/detail-offre/178034596W,2026-02-10,APEC
data scientist/ data manager F/H,ALTEN,101888,France,https://www.apec.fr/candidat/recherche-emploi.html/emploi/detail-offre/178066877W,2026-02-10,APEC
LEAD DATA SCIENTIST F/H,Expectra,101888,France,https://www.apec.fr/candidat/recherche-emploi.html/emploi/detail-offre/177985930W,2026-02-10,APEC
Data Scientist (CFE) F/H,OXO-TEAM,101888,France,https://www.apec.fr/candidat/recherche-emploi.html/emploi/detail-offre/177703066W,2026-02-10,APEC
Data Scientist Senior F/H,ACTIVUS GROUP,101888,France,https://www.apec.fr/candidat/recherche-emploi.html/emploi/detail-offre/178105836W,2026-02-10,APEC
Data Scientist F/H,MINISTERE DE L' INTERIEUR ET DES OUTRE-MER,101888,France,https://www.apec.fr/candidat/recherche-emploi.html/emploi/detail-offre/177763241W,2026-02-10,APEC
DATA SCIENTIST - F/H,Banque de France,101888,France,https://www.apec.fr/candidat/recherche-emploi.html/emploi/detail-offre/177994180W,2026-02-10,APEC
Data Scientist F/H,NEXTON,101888,France,https://www.apec.fr/candidat/recherche-emploi.html/emploi/detail-offre/178075351W,2026-02-10,APEC
Data Scientist F/H,Siège de l'AP-HP,101887,France,https://www.apec.fr/candidat/recherche-emploi.html/emploi/detail-offre/178025657W,2026-02-10,APEC
Data Scientist - Confirmé F/H,Act Digital France,101888,France,https://www.apec.fr/candidat/recherche-emploi.html/emploi/detail-offre/178024774W,2026-02-10,APEC
Data Scientist F/H,Capgemini Engineering France,101888,France,https://www.apec.fr/candidat/recherche-emploi.html/emploi/detail-offre/178068971W,2026-02-10,APEC
DATA ANALYST/SCIENTIST F/H,LINEUP7,101888,France,https://www.apec.fr/candidat/recherche-emploi.html/emploi/detail-offre/177956710W,2026-02-10,APEC
Data Scientist Expérimenté F/H,RANDSTAD DIGITAL FRANCE,101888,France,https://www.apec.fr/candidat/recherche-emploi.html/emploi/detail-offre/177986511W,2026-02-10,APEC
Data Scientist F/H,OLVEA,101888,France,https://www.apec.fr/candidat/recherche-emploi.html/emploi/detail-offre/177962535W,2026-02-10,APEC
DATA SCIENTIST F/H,Groupe ADP - Aéroport de Paris,101888,France,https://www.apec.fr/candidat/recherche-emploi.html/emploi/detail-offre/178021676W,2026-02-10,APEC
Data Scientist F/H,GROUPE ATLANTIC SYNERGY - Société en Nom Collectif,101888,France,https://www.apec.fr/candidat/recherche-emploi.html/emploi/detail-offre/178076198W,2026-02-10,APEC
Lead Data scientist F/H,RESEAU DES RECRUTEURS,101888,France,https://www.apec.fr/candidat/recherche-emploi.html/emploi/detail-offre/178067504W,2026-02-10,APEC
Consultant Data Scientist F/H,HEADMIND PARTNERS AI,101888,France,https://www.apec.fr/candidat/recherche-emploi.html/emploi/detail-offre/177984788W,2026-02-10,APEC
Product Manager Data Scientist F/H,Bluecoders,101888,France,https://www.apec.fr/candidat/recherche-emploi.html/emploi/detail-offre/178001516W,2026-02-10,APEC
Ingénieur Data Scientist F/H,BLOCKSI SAS,101888,France,https://www.apec.fr/candidat/recherche-emploi.html/emploi/detail-offre/178069744W,2026-02-10,APEC
Lead Data Scientist F/H,RELX FRANCE,101888,France,https://www.apec.fr/candidat/recherche-emploi.html/emploi/detail-offre/178073804W,2026-02-10,APEC
Data Scientist F/H,cadremploi,101888,France,https://www.apec.fr/candidat/recherche-emploi.html/emploi/detail-offre/178017855W,2026-02-10,APEC
Senior Data Scientist F/H,Air Liquide,101888,France,https://www.apec.fr/candidat/recherche-emploi.html/emploi/detail-offre/178032994W,2026-02-10,APEC
Data Scientist / Data Analyst – Comptabilité & Finance F/H,MANAGEMENT INFORMATIQUE & NOUVELLES TECHNOLOGIES CONSEIL,101888,France,https://www.apec.fr/candidat/recherche-emploi.html/emploi/detail-offre/178110914W,2026-02-10,APEC
Data Scientist full dataiku F/H,DATAMED RESEARCH,101888,France,https://www.apec.fr/candidat/recherche-emploi.html/emploi/detail-offre/177336894W,2026-02-10,APEC
Data Scientist R&D F/H,ALESSIA RH,101888,France,https://www.apec.fr/candidat/recherche-emploi.html/emploi/detail-offre/177979906W,2026-02-10,APEC
Data Scientist MLOPS F/H,RANDSTAD DIGITAL FRANCE,101888,France,https://www.apec.fr/candidat/recherche-emploi.html/emploi/detail-offre/177933161W,2026-02-10,APEC
Data Scientist - Machine Learning Scientist F/H,Hellowork,101888,France,https://www.apec.fr/candidat/recherche-emploi.html/emploi/detail-offre/177929894W,2026-02-10,APEC
Data scientist - F/H,cadremploi,101888,France,https://www.apec.fr/candidat/recherche-emploi.html/emploi/detail-offre/177997488W,2026-02-10,APEC
Data Scientist F/H,Hellowork,101888,France,https://www.apec.fr/candidat/recherche-emploi.html/emploi/detail-offre/178061203W,2026-02-10,APEC
Data Scientist F/H,Hellowork,101888,France,https://www.apec.fr/candidat/recherche-emploi.html/emploi/detail-offre/178079286W,2026-02-10,APEC
Data Scientist F/H,Hellowork,101888,France,https://www.apec.fr/candidat/recherche-emploi.html/emploi/detail-offre/178030371W,2026-02-10,APEC
Data Scientist & Recherche Opérationnelle confirmé F/H,MP DATA,101888,France,https://www.apec.fr/candidat/recherche-emploi.html/emploi/detail-offre/177998466W,2026-02-10,APEC
Data Scientist - Madrid F/H,CARREVOLUTIS,101888,France,https://www.apec.fr/candidat/recherche-emploi.html/emploi/detail-offre/178089281W,2026-02-10,APEC
DATA SCIENTIST SENIOR F/H,SCC France,101888,France,https://www.apec.fr/candidat/recherche-emploi.html/emploi/detail-offre/178006310W,2026-02-10,APEC
– Data Scientist - Madrid F/H,CARREVOLUTIS,101888,France,https://www.apec.fr/candidat/recherche-emploi.html/emploi/detail-offre/178082038W,2026-02-10,APEC
DATA SCIENTIST CONFIRME F/H,CREDIT MUTUEL LEASING,101888,France,https://www.apec.fr/candidat/recherche-emploi.html/emploi/detail-offre/177979503W,2026-02-10,APEC
Lead Data Scientist F/H,Hellowork,101888,France,https://www.apec.fr/candidat/recherche-emploi.html/emploi/detail-offre/178003621W,2026-02-10,APEC
Senior Data Scientist – Retail AI F/H,VUSION,101888,France,https://www.apec.fr/candidat/recherche-emploi.html/emploi/detail-offre/177999635W,2026-02-10,APEC
Data Scientist – (h/f)-JLA F/H,NEDSON,101888,France,https://www.apec.fr/candidat/recherche-emploi.html/emploi/detail-offre/178033478W,2026-02-10,APEC
Ingénieur RetD Data Scientist expérimenté F/H,IRT JULES VERNE,101888,France,https://www.apec.fr/candidat/recherche-emploi.html/emploi/detail-offre/178084667W,2026-02-10,APEC
Consultant Data Scientist – Media F/H,Axys Consultants,101888,France,https://www.apec.fr/candidat/recherche-emploi.html/emploi/detail-offre/178076508W,2026-02-10,APEC
Data Scientist R&D F/H,Hellowork,101888,France,https://www.apec.fr/candidat/recherche-emploi.html/emploi/detail-offre/177995418W,2026-02-10,APEC
Data Scientist - Analyse et Modèles Prédictifs - AMDS024 F/H,Aymen KHELIFI,597137,France,https://www.apec.fr/candidat/recherche-emploi.html/emploi/detail-offre/178001184W,2026-02-10,APEC
Senior data scientist F/H,Welcome to the Jungle,101888,France,https://www.apec.fr/candidat/recherche-emploi.html/emploi/detail-offre/178065438W,2026-02-10,APEC
Data Scientist Senior – E-commerce Opération F/H,SKIILS,101888,France,https://www.apec.fr/candidat/recherche-emploi.html/emploi/detail-offre/178090361W,2026-02-10,APEC
Consultant Data Scientist – Media F/H,Axys Consultants,101888,France,https://www.apec.fr/candidat/recherche-emploi.html/emploi/detail-offre/178076482W,2026-02-10,APEC
CP MOA Senior / Data Scientist F/H,VIBTIC,101888,France,https://www.apec.fr/candidat/recherche-emploi.html/emploi/detail-offre/178066575W,2026-02-10,APEC
Data Scientist IA Gen F/H,Hellowork,101888,France,https://www.apec.fr/candidat/recherche-emploi.html/emploi/detail-offre/177972254W,2026-02-10,APEC
Data Scientist Confirmé – Python / Spark / Scala / Databricks F/H,INOVELYA,101888,France,https://www.apec.fr/candidat/recherche-emploi.html/emploi/detail-offre/178048824W,2026-02-10,APEC
Data Scientists IA F/H,LIPTON FIT,101888,France,https://www.apec.fr/candidat/recherche-emploi.html/emploi/detail-offre/178067145W,2026-02-10,APEC
Data Scientist IA / Deep Learning - Python - Confirmé F/H,Kaizen Solutions,101888,France,https://www.apec.fr/candidat/recherche-emploi.html/emploi/detail-offre/177986527W,2026-02-10,APEC
Senior Data Scientist - IA Générative F/H,DEVOTEAM,101888,France,https://www.apec.fr/candidat/recherche-emploi.html/emploi/detail-offre/177935940W,2026-02-10,APEC
Manager Data Scientist - Macroeconomic Modeling F/H,Welcome to the Jungle,101888,France,https://www.apec.fr/candidat/recherche-emploi.html/emploi/detail-offre/177953069W,2026-02-10,APEC
Data Scientist & Recherche Opérationnelle confirmé F/H,Welcome to the Jungle,101888,France,https://www.apec.fr/candidat/recherche-emploi.html/emploi/detail-offre/178080422W,2026-02-10,APEC
Data Scientist d'Expérience Minimum F/H,Hellowork,101888,France,https://www.apec.fr/candidat/recherche-emploi.html/emploi/detail-offre/178096854W,2026-02-10,APEC
Data Scientist / Machine Learning Engineer Confirmé F/H,ONEY BANK,101888,France,https://www.apec.fr/candidat/recherche-emploi.html/emploi/detail-offre/178073976W,2026-02-10,APEC
Data Scientist Bureau d'Etudes Support et Services F/H,Safran Aircraft Engines,101888,France,https://www.apec.fr/candidat/recherche-emploi.html/emploi/detail-offre/177956733W,2026-02-10,APEC
Ingénieur R&D Data Scientist Expérimenté F/H,Hellowork,101888,France,https://www.apec.fr/candidat/recherche-emploi.html/emploi/detail-offre/178100838W,2026-02-10,APEC
Data Scientist Bureau d'Etudes Support et Services F/H,Engagement Jeunes,101888,France,https://www.apec.fr/candidat/recherche-emploi.html/emploi/detail-offre/177931008W,2026-02-10,APEC
Data Scientist Bureau d'Etudes Support et Services F/H,Hellowork,101888,France,https://www.apec.fr/candidat/recherche-emploi.html/emploi/detail-offre/177929455W,2026-02-10,APEC
Consultant Senior/Manager - Lead Data Science & Data Scientist Senior F/H,Handicap-Job.com,101888,France,https://www.apec.fr/candidat/recherche-emploi.html/emploi/detail-offre/178080856W,2026-02-10,APEC
Ingénieur Data Scientist Confirmé - Industrie - le Plessis Robinson F/H,Hellowork,101888,France,https://www.apec.fr/candidat/recherche-emploi.html/emploi/detail-offre/177927183W,2026-02-10,APEC
Product Manager Data Science F/H,Bluecoders,101888,France,https://www.apec.fr/candidat/recherche-emploi.html/emploi/detail-offre/178007217W,2026-02-10,APEC
Architecte Data F/H,MICHAEL PAGE INTERNATIONAL FRANCE,101888,France,https://www.apec.fr/candidat/recherche-emploi.html/emploi/detail-offre/177982963W,2026-02-10,APEC
Talent Acquisition Specialist Data en alternance F/H,Capgemini,597137,France,https://www.apec.fr/candidat/recherche-emploi.html/emploi/detail-offre/178048167W,2026-02-10,APEC
Chef de projet Data X/ F/H,ABYLSEN,101888,France,https://www.apec.fr/candidat/recherche-emploi.html/emploi/detail-offre/178067063W,2026-02-10,APEC
Lead data F/H,AMILTONE,101888,France,https://www.apec.fr/candidat/recherche-emploi.html/emploi/detail-offre/178091391W,2026-02-10,APEC
Data officer - data factory F/H,EURO-INFORMATION DEVELOPPEMENTS,101888,France,https://www.apec.fr/candidat/recherche-emploi.html/emploi/detail-offre/178074782W,2026-02-10,APEC
Data officer - data factory F/H,EURO-INFORMATION DEVELOPPEMENTS,101888,France,https://www.apec.fr/candidat/recherche-emploi.html/emploi/detail-offre/178074781W,2026-02-10,APEC
Architecte Data F/H,Hellowork,101888,France,https://www.apec.fr/candidat/recherche-emploi.html/emploi/detail-offre/177996800W,2026-02-10,APEC
Data Engineer F/H,ALTERSIS PARIS,101888,France,https://www.apec.fr/candidat/recherche-emploi.html/emploi/detail-offre/177948038W,2026-02-10,APEC
CHARGE RECRUTEMENT IT F/H,IS CONSEIL(GROUPE VPEX),101888,France,https://www.apec.fr/candidat/recherche-emploi.html/emploi/detail-offre/177948086W,2026-02-10,APEC
Product Owner IA F/H,WEVALUE,101888,France,https://www.apec.fr/candidat/recherche-emploi.html/emploi/detail-offre/178090646W,2026-02-10,APEC
Ingénieur BIG DATA SENIOR - Femme/Homme F/H,CANDIDATE FIRST,101888,France,https://www.apec.fr/candidat/recherche-emploi.html/emploi/detail-offre/177966933W,2026-02-10,APEC
Tech Lead Machine Learning F/H,CDC Informatique,101888,France,https://www.apec.fr/candidat/recherche-emploi.html/emploi/detail-offre/177956872W,2026-02-10,APEC
Référent technique IA F/H,FAB GROUP,101888,France,https://www.apec.fr/candidat/recherche-emploi.html/emploi/detail-offre/177946936W,2026-02-10,APEC
Data engineer F/H,AMILTONE,101888,France,https://www.apec.fr/candidat/recherche-emploi.html/emploi/detail-offre/178091372W,2026-02-10,APEC
Chef de Projet Data F/H,Hellowork,101888,France,https://www.apec.fr/candidat/recherche-emploi.html/emploi/detail-offre/178079292W,2026-02-10,APEC
Chef de projet informatique - Domaine data engineering F/H,EURO-INFORMATION DEVELOPPEMENTS,101888,France,https://www.apec.fr/candidat/recherche-emploi.html/emploi/detail-offre/178047000W,2026-02-10,APEC
Chef de projet Data - Optim. du coût de l'intérim F/H,LEYTON FRANCE,101888,France,https://www.apec.fr/candidat/recherche-emploi.html/emploi/detail-offre/178092639W,2026-02-10,APEC
Ingénieur DataScientist F/H,TYFALI & BRO'S,101888,France,https://www.apec.fr/candidat/recherche-emploi.html/emploi/detail-offre/178105678W,2026-02-10,APEC
Tech Lead Data Science F/H,Safran Aircraft Engines,101888,France,https://www.apec.fr/candidat/recherche-emploi.html/emploi/detail-offre/178107234W,2026-02-10,APEC
Architecte technique du SID F/H,Caisse Nationale de l'Assurance Maladie,101888,France,https://www.apec.fr/candidat/recherche-emploi.html/emploi/detail-offre/177956884W,2026-02-10,APEC
Data engineer confirme F/H,Handicap-Job.com,101888,France,https://www.apec.fr/candidat/recherche-emploi.html/emploi/detail-offre/178024070W,2026-02-10,APEC
ML Engineer – Tri automatique des bennes de chantier F/H,Welcome to the Jungle,101888,France,https://www.apec.fr/candidat/recherche-emploi.html/emploi/detail-offre/178053551W,2026-02-10,APEC
Ingénieur Data Analyst Senior - Domaine Aéronautique F/H,Hellowork,101888,France,https://www.apec.fr/candidat/recherche-emploi.html/emploi/detail-offre/178030888W,2026-02-10,APEC
Ingénieur Big Data Senior - Femme - Homme F/H,Hellowork,101888,France,https://www.apec.fr/candidat/recherche-emploi.html/emploi/detail-offre/178061518W,2026-02-10,APEC
Tech Lead Data Engineer GCP - Paris F/H,Handicap-Job.com,101888,France,https://www.apec.fr/candidat/recherche-emploi.html/emploi/detail-offre/178024373W,2026-02-10,APEC
Ingénieur IA F/H,Hellowork,101888,France,https://www.apec.fr/candidat/recherche-emploi.html/emploi/detail-offre/178029746W,2026-02-10,APEC
Ingénieur-e DataScientist - Statisticien-ne F/H,Safran Aircraft Engines,101888,France,https://www.apec.fr/candidat/recherche-emploi.html/emploi/detail-offre/178058264W,2026-02-10,APEC
Développeur Android confirmé (secteur santé) F/H,Externatic,101888,France,https://www.apec.fr/candidat/recherche-emploi.html/emploi/detail-offre/178035410W,2026-02-10,APEC
Chef.fe de projet « Lac de données » F/H,INA,101888,France,https://www.apec.fr/candidat/recherche-emploi.html/emploi/detail-offre/177933133W,2026-02-10,APEC
Responsable du service aide au pilotage F/H,SORBONNE UNIVERSITE,101887,France,https://www.apec.fr/candidat/recherche-emploi.html/emploi/detail-offre/178091919W,2026-02-10,APEC
Ingénieur-e DataScientist - Statisticien-ne F/H,Aérocontact,101888,France,https://www.apec.fr/candidat/recherche-emploi.html/emploi/detail-offre/177982499W,2026-02-10,APEC
Manager cybersecurite & confiance numerique - F/H,Handicap-Job.com,101888,France,https://www.apec.fr/candidat/recherche-emploi.html/emploi/detail-offre/178024566W,2026-02-10,APEC
Data Architecte F/H,AMITA,101888,France,https://www.apec.fr/candidat/recherche-emploi.html/emploi/detail-offre/178049839W,2026-02-10,APEC
Data Engineer Expert F/H,STACKWAZE,101888,France,https://www.apec.fr/candidat/recherche-emploi.html/emploi/detail-offre/178040153W,2026-02-10,APEC
Chef de projet DATA F/H,EPSYL,101888,France,https://www.apec.fr/candidat/recherche-emploi.html/emploi/detail-offre/177833933W,2026-02-10,APEC
Chef de projet Data F/H,KLANIK,101888,France,https://www.apec.fr/candidat/recherche-emploi.html/emploi/detail-offre/178022525W,2026-02-10,APEC
Lead Data Engineer - HealthTech / IA F/H,Les Colettes Sourcing,101888,France,https://www.apec.fr/candidat/recherche-emploi.html/emploi/detail-offre/178107623W,2026-02-10,APEC
S.K un Architecte fonctionnel - Domaine Data F/H,ETHNOL CONSULTING,101887,France,https://www.apec.fr/candidat/recherche-emploi.html/emploi/detail-offre/177985319W,2026-02-10,APEC
Data Steward F/H,SKIILS,101888,France,https://www.apec.fr/candidat/recherche-emploi.html/emploi/detail-offre/178090419W,2026-02-10,APEC
Data Engineer @ groupe international - F/H,Externatic,101888,France,https://www.apec.fr/candidat/recherche-emploi.html/emploi/detail-offre/177963801W,2026-02-10,APEC
Tech Lead Data Engineer MLOps AWS F/H,Safran Aircraft Engines,101888,France,https://www.apec.fr/candidat/recherche-emploi.html/emploi/detail-offre/177992669W,2026-02-10,APEC
Data Engineer - Snowflake F/H,"ECONOCOM APPS, CLOUD & DATA",101888,France,https://www.apec.fr/candidat/recherche-emploi.html/emploi/detail-offre/178082178W,2026-02-10,APEC
MLOps Engineer F/H,KPMG SA,101888,France,https://www.apec.fr/candidat/recherche-emploi.html/emploi/detail-offre/178083806W,2026-02-10,APEC
Data Engineer F/H,CONSTENCIA,101888,France,https://www.apec.fr/candidat/recherche-emploi.html/emploi/detail-offre/177886224W,2026-02-10,APEC
AI Scientist – Modèles Tabulaires F/H,BLUETHINK,101888,France,https://www.apec.fr/candidat/recherche-emploi.html/emploi/detail-offre/177854060W,2026-02-10,APEC
Chef de projet Data Lake F/H,RANDSTAD DIGITAL FRANCE,101888,France,https://www.apec.fr/candidat/recherche-emploi.html/emploi/detail-offre/178042009W,2026-02-10,APEC
Lead Data Engineer F/H,SKIILS,101888,France,https://www.apec.fr/candidat/recherche-emploi.html/emploi/detail-offre/178090240W,2026-02-10,APEC
Lead Data Engineer F/H,BLUETHINK,101888,France,https://www.apec.fr/candidat/recherche-emploi.html/emploi/detail-offre/178076802W,2026-02-10,APEC
Product Owner Data - IA F/H,Hellowork,101888,France,https://www.apec.fr/candidat/recherche-emploi.html/emploi/detail-offre/178097596W,2026-02-10,APEC
Data Engineer Senior F/H,Norsys,101888,France,https://www.apec.fr/candidat/recherche-emploi.html/emploi/detail-offre/177977527W,2026-02-10,APEC
Gestionnaire de données F/H,LIZEO EUROPE,101887,France,https://www.apec.fr/candidat/recherche-emploi.html/emploi/detail-offre/178074094W,2026-02-10,APEC
Ingénieur Data /BI F/H,DATA INSIGHT,101888,France,https://www.apec.fr/candidat/recherche-emploi.html/emploi/detail-offre/177682361W,2026-02-10,APEC
Ingénieur Data /BI F/H,DATA INSIGHT,101888,France,https://www.apec.fr/candidat/recherche-emploi.html/emploi/detail-offre/177464525W,2026-02-10,APEC
Consultant Data F/H,HEADMIND PARTNERS,101888,France,https://www.apec.fr/candidat/recherche-emploi.html/emploi/detail-offre/178033564W,2026-02-10,APEC
Data Scienstist F/H,ENOVALIFE,101888,France,https://www.apec.fr/candidat/recherche-emploi.html/emploi/detail-offre/177942210W,2026-02-10,APEC
Data Translation Manager - Finance et fonctions supports F/H,Carrefour,101888,France,https://www.apec.fr/candidat/recherche-emploi.html/emploi/detail-offre/178066744W,2026-02-10,APEC
Manager Data & IA F/H,FRANK CONSULTING SERVICES,101888,France,https://www.apec.fr/candidat/recherche-emploi.html/emploi/detail-offre/178028278W,2026-02-10,APEC
Data Engineer Snowflake F/H,SWORD FRANCE SAS,101888,France,https://www.apec.fr/candidat/recherche-emploi.html/emploi/detail-offre/178091335W,2026-02-10,APEC
Chef.fe de Projets Data IA Industrie 4.0 F/H,ALFENE,101888,France,https://www.apec.fr/candidat/recherche-emploi.html/emploi/detail-offre/177643393W,2026-02-10,APEC
Chef de Projet Data - BI F/H,Groupe Vilogia - Veuillez selectionner votre entité,101888,France,https://www.apec.fr/candidat/recherche-emploi.html/emploi/detail-offre/178074055W,2026-02-10,APEC
Data Engineer F/H,BS DIGITAL,101888,France,https://www.apec.fr/candidat/recherche-emploi.html/emploi/detail-offre/178076415W,2026-02-10,APEC
Sales Manager Data F/H,VISIBLE PATIENT LAB,101888,France,https://www.apec.fr/candidat/recherche-emploi.html/emploi/detail-offre/178093642W,2026-02-10,APEC
Product Owner Data F/H,Hellowork,101888,France,https://www.apec.fr/candidat/recherche-emploi.html/emploi/detail-offre/177937865W,2026-02-10,APEC
Développeur Fullstack DevOps F/H,Safran Aircraft Engines,101888,France,https://www.apec.fr/candidat/recherche-emploi.html/emploi/detail-offre/177948053W,2026-02-10,APEC
Ingénieur Data F/H,Meteojob,101888,France,https://www.apec.fr/candidat/recherche-emploi.html/emploi/detail-offre/177959024W,2026-02-10,APEC
Data Architect Databricks F/H,DEVOTEAM,101888,France,https://www.apec.fr/candidat/recherche-emploi.html/emploi/detail-offre/177935942W,2026-02-10,APEC
Data Engineer - Niort F/H,Hellowork,101888,France,https://www.apec.fr/candidat/recherche-emploi.html/emploi/detail-offre/178045370W,2026-02-10,APEC
Product Manager Data IA F/H,HELLOWORK,101888,France,https://www.apec.fr/candidat/recherche-emploi.html/emploi/detail-offre/178008886W,2026-02-10,APEC
Data Engineer F/H,Siège de l'AP-HP,101887,France,https://www.apec.fr/candidat/recherche-emploi.html/emploi/detail-offre/178025707W,2026-02-10,APEC
Data Ingénieur - Cloud & Big Data - ref NHA F/H,NEDSON,101888,France,https://www.apec.fr/candidat/recherche-emploi.html/emploi/detail-offre/178083956W,2026-02-10,APEC
Data Engineer - Expert Snowflake & DBT (/NB) F/H,Trimane,101888,France,https://www.apec.fr/candidat/recherche-emploi.html/emploi/detail-offre/178001990W,2026-02-10,APEC
Data Engineer  – Domaine de l’environnement - Toulouse F/H,CELAD-Toulouse,101888,France,https://www.apec.fr/candidat/recherche-emploi.html/emploi/detail-offre/178019019W,2026-02-10,APEC
Analytics Engineer F/H,Hellowork,101888,France,https://www.apec.fr/candidat/recherche-emploi.html/emploi/detail-offre/178097003W,2026-02-10,APEC
Ingénieur Data F/H,Anne-Sophie Gayraud,101888,France,https://www.apec.fr/candidat/recherche-emploi.html/emploi/detail-offre/177965797W,2026-02-10,APEC
Machine Learning Engineer F/H,NEXTON,101888,France,https://www.apec.fr/candidat/recherche-emploi.html/emploi/detail-offre/177932520W,2026-02-10,APEC
Machine Learning Engineer F/H,NEXTON,101888,France,https://www.apec.fr/candidat/recherche-emploi.html/emploi/detail-offre/178105193W,2026-02-10,APEC
Expert Python software Engineer F/H,Carrefour,101888,France,https://www.apec.fr/candidat/recherche-emploi.html/emploi/detail-offre/178066735W,2026-02-10,APEC
Chef de Projet Data - Bi F/H,Hellowork,101888,France,https://www.apec.fr/candidat/recherche-emploi.html/emploi/detail-offre/177989310W,2026-02-10,APEC
Data Engineer F/H,ZZ_Confidentiel,101888,France,https://www.apec.fr/candidat/recherche-emploi.html/emploi/detail-offre/178026890W,2026-02-10,APEC
Data Engineer F/H,fortil,101888,France,https://www.apec.fr/candidat/recherche-emploi.html/emploi/detail-offre/177998181W,2026-02-10,APEC
Chef de Projet IA / Data - ref TTH F/H,NEDSON,101888,France,https://www.apec.fr/candidat/recherche-emploi.html/emploi/detail-offre/177911690W,2026-02-10,APEC
Responsable Équipe R&D Data & IA F/H,Bureau des Talents,101888,France,https://www.apec.fr/candidat/recherche-emploi.html/emploi/detail-offre/178049043W,2026-02-10,APEC
Data Engineer F/H,PROBAYES,101888,France,https://www.apec.fr/candidat/recherche-emploi.html/emploi/detail-offre/178081195W,2026-02-10,APEC
Architecte Logiciel F/H,PROBAYES,101888,France,https://www.apec.fr/candidat/recherche-emploi.html/emploi/detail-offre/178081197W,2026-02-10,APEC
Chef de Projet IA Senior F/H,ETHNOL CONSULTING,101888,France,https://www.apec.fr/candidat/recherche-emploi.html/emploi/detail-offre/177954919W,2026-02-10,APEC
Chef de projet Data BI Sénior F/H,DEVOTEAM,101888,France,https://www.apec.fr/candidat/recherche-emploi.html/emploi/detail-offre/177935951W,2026-02-10,APEC
Data Engineer IA / MLOps F/H,URSSAF CAISSE NATIONALE,101888,France,https://www.apec.fr/candidat/recherche-emploi.html/emploi/detail-offre/178000169W,2026-02-10,APEC
Data Architect F/H,PROBAYES,101888,France,https://www.apec.fr/candidat/recherche-emploi.html/emploi/detail-offre/178081214W,2026-02-10,APEC
Consultant(e) Data Science F/H,SIA PARTNERS,101888,France,https://www.apec.fr/candidat/recherche-emploi.html/emploi/detail-offre/178074223W,2026-02-10,APEC
Ingénieur-re Data Back-End AWS F/H,Safran Aircraft Engines,101888,France,https://www.apec.fr/candidat/recherche-emploi.html/emploi/detail-offre/177993521W,2026-02-10,APEC
Data Engineer - Développeur Big Data Confirmé F/H,Hellowork,101888,France,https://www.apec.fr/candidat/recherche-emploi.html/emploi/detail-offre/178061650W,2026-02-10,APEC
Ingénieur Devops (GPU) F/H,REDOPUS,101888,France,https://www.apec.fr/candidat/recherche-emploi.html/emploi/detail-offre/178081804W,2026-02-10,APEC
Développeur FullStack (Python - React) F/H,D3S,101888,France,https://www.apec.fr/candidat/recherche-emploi.html/emploi/detail-offre/178033943W,2026-02-10,APEC
"Analyste développeur - Domaine data, administration SAP BO F/H",EURO-INFORMATION DEVELOPPEMENTS,101888,France,https://www.apec.fr/candidat/recherche-emploi.html/emploi/detail-offre/178104460W,2026-02-10,APEC
Chef de projet IA F/H,KLANIK,101888,France,https://www.apec.fr/candidat/recherche-emploi.html/emploi/detail-offre/178022530W,2026-02-10,APEC
Directeur Technique et Avant Vente F/H,BLUETHINK,101888,France,https://www.apec.fr/candidat/recherche-emploi.html/emploi/detail-offre/178010433W,2026-02-10,APEC
Chef de Projet Technico-Fonctionnel Fiscalité - Afrique F/H,BLUETHINK,101888,France,https://www.apec.fr/candidat/recherche-emploi.html/emploi/detail-offre/177895600W,2026-02-10,APEC
Senior Fullstack Engineer F/H,BLUETHINK,101888,France,https://www.apec.fr/candidat/recherche-emploi.html/emploi/detail-offre/177985447W,2026-02-10,APEC
Marketing Manager Senior F/H,BLUETHINK,101888,France,https://www.apec.fr/candidat/recherche-emploi.html/emploi/detail-offre/177805812W,2026-02-10,APEC
Ingénieur Développeur Logiciel Python (Grenoble) F/H,PROBAYES,101888,France,https://www.apec.fr/candidat/recherche-emploi.html/emploi/detail-offre/178081187W,2026-02-10,APEC
Ingénieur Développeur Logiciel Python (Paris) F/H,PROBAYES,101888,France,https://www.apec.fr/candidat/recherche-emploi.html/emploi/detail-offre/178081191W,2026-02-10,APEC
Senior Data Analyst Power BI / Business Analyst Data F/H,DEVOTEAM,101888,France,https://www.apec.fr/candidat/recherche-emploi.html/emploi/detail-offre/177935944W,2026-02-10,APEC
Data Analyst - F/H,Malakoff Humanis,101888,France,https://www.apec.fr/candidat/recherche-emploi.html/emploi/detail-offre/178105345W,2026-02-10,APEC
Data Analyst (Automatisation & Solutions Digitales) F/H,Volvo Group,101888,France,https://www.apec.fr/candidat/recherche-emploi.html/emploi/detail-offre/178069263W,2026-02-10,APEC
Développeur Senior Typescript F/H,BLUETHINK,101888,France,https://www.apec.fr/candidat/recherche-emploi.html/emploi/detail-offre/178035272W,2026-02-10,APEC
Business Intelligence Developer F/H,PERFHOMME,101888,France,https://www.apec.fr/candidat/recherche-emploi.html/emploi/detail-offre/177967831W,2026-02-10,APEC
Project Manager IA – Lead Automation & Use-Case Delivery F/H,FINEGAN LUXEMBOURG,101888,France,https://www.apec.fr/candidat/recherche-emploi.html/emploi/detail-offre/178058330W,2026-02-10,APEC
VP Tech / Plateformes digitales à fort trafic F/H,BLUETHINK,101888,France,https://www.apec.fr/candidat/recherche-emploi.html/emploi/detail-offre/177939148W,2026-02-10,APEC
CP AMOA SENIOR F/H,Soors,101888,France,https://www.apec.fr/candidat/recherche-emploi.html/emploi/detail-offre/178075653W,2026-02-10,APEC
Lead Software Engineer F/H,BLUETHINK,101888,France,https://www.apec.fr/candidat/recherche-emploi.html/emploi/detail-offre/177998047W,2026-02-10,APEC
Head of Finance F/H,BLUETHINK,101888,France,https://www.apec.fr/candidat/recherche-emploi.html/emploi/detail-offre/178033576W,2026-02-10,APEC
Consultant Data et BI F/H,AKKODIS FRANCE SAS,101888,France,https://www.apec.fr/candidat/recherche-emploi.html/emploi/detail-offre/177962459W,2026-02-10,APEC
Consultant Data et BI F/H,AKKODIS FRANCE SAS,101888,France,https://www.apec.fr/candidat/recherche-emploi.html/emploi/detail-offre/177799288W,2026-02-10,APEC
Account Executive (SaaS B2B LegalTech) F/H,BLUETHINK,101888,France,https://www.apec.fr/candidat/recherche-emploi.html/emploi/detail-offre/177918721W,2026-02-10,APEC
"Ingénieur logiciel senior Python embarqué (Jetson, GStreamer) F/H",BLUETHINK,101888,France,https://www.apec.fr/candidat/recherche-emploi.html/emploi/detail-offre/177805795W,2026-02-10,APEC
Senior Software Engineer Golang / React F/H,BLUETHINK,101888,France,https://www.apec.fr/candidat/recherche-emploi.html/emploi/detail-offre/178059468W,2026-02-10,APEC
Executive Sales Representative F/H,BLUETHINK,101888,France,https://www.apec.fr/candidat/recherche-emploi.html/emploi/detail-offre/177950067W,2026-02-10,APEC
Account Executive Industrie & Énergie F/H,BLUETHINK,101888,France,https://www.apec.fr/candidat/recherche-emploi.html/emploi/detail-offre/178059004W,2026-02-10,APEC
Data Engineer F/H,JCDecaux,101888,France,https://www.apec.fr/candidat/recherche-emploi.html/emploi/detail-offre/177965117W,2026-02-10,APEC
Responsable développement d'un centre formation IA F/H,AGORIADE,101888,France,https://www.apec.fr/candidat/recherche-emploi.html/emploi/detail-offre/178067914W,2026-02-10,APEC
Ingénieur Data Science - Analyse causale & systèmes complexes F/H,Externatic,101888,France,https://www.apec.fr/candidat/recherche-emploi.html/emploi/detail-offre/178095595W,2026-02-10,APEC
Consultant Senior Performance & Analytics F/H,Axys Consultants,101888,France,https://www.apec.fr/candidat/recherche-emploi.html/emploi/detail-offre/178049038W,2026-02-10,APEC
Developpeur IA / Génération IA - Java & Python F/H,Capgemini,101888,France,https://www.apec.fr/candidat/recherche-emploi.html/emploi/detail-offre/177987785W,2026-02-10,APEC
Responsable Données & IA F/H,Talents IT,101888,France,https://www.apec.fr/candidat/recherche-emploi.html/emploi/detail-offre/178007907W,2026-02-10,APEC
DATABASE ARCHITECT – IDF F/H,EASY PARTNER,101888,France,https://www.apec.fr/candidat/recherche-emploi.html/emploi/detail-offre/178049146W,2026-02-10,APEC
Développeur IA F/H,KLANIK,101888,France,https://www.apec.fr/candidat/recherche-emploi.html/emploi/detail-offre/178077339W,2026-02-10,APEC
Ingénieur Qualité Produits Finis F/H,BLUETHINK,101888,France,https://www.apec.fr/candidat/recherche-emploi.html/emploi/detail-offre/178109943W,2026-02-10,APEC
Chef de projet IA Senior F/H,KLANIK,101888,France,https://www.apec.fr/candidat/recherche-emploi.html/emploi/detail-offre/178052254W,2026-02-10,APEC
Responsable Data & IA F/H,Hellowork,101888,France,https://www.apec.fr/candidat/recherche-emploi.html/emploi/detail-offre/178062553W,2026-02-10,APEC
Ingénieur Data Expérimenté F/H,RANDSTAD DIGITAL FRANCE,101888,France,https://www.apec.fr/candidat/recherche-emploi.html/emploi/detail-offre/177986559W,2026-02-10,APEC
Business Developer - Solutions Industrielles - Télétravail total F/H,BLUETHINK,101888,France,https://www.apec.fr/candidat/recherche-emploi.html/emploi/detail-offre/177918746W,2026-02-10,APEC
Engineering Manager F/H,BLUETHINK,101888,France,https://www.apec.fr/candidat/recherche-emploi.html/emploi/detail-offre/177985419W,2026-02-10,APEC
Key Account Manager FinTech F/H,BLUETHINK,101888,France,https://www.apec.fr/candidat/recherche-emploi.html/emploi/detail-offre/178010431W,2026-02-10,APEC
Responsable des Achats F/H,BLUETHINK,101888,France,https://www.apec.fr/candidat/recherche-emploi.html/emploi/detail-offre/177985402W,2026-02-10,APEC
Lead SecOps F/H,BLUETHINK,101888,France,https://www.apec.fr/candidat/recherche-emploi.html/emploi/detail-offre/178010703W,2026-02-10,APEC
Business Development Representative (LegalTech) F/H,BLUETHINK,101888,France,https://www.apec.fr/candidat/recherche-emploi.html/emploi/detail-offre/177950132W,2026-02-10,APEC
Sales Manager (SaaS B2B) - Italien Courant F/H,BLUETHINK,101888,France,https://www.apec.fr/candidat/recherche-emploi.html/emploi/detail-offre/177923681W,2026-02-10,APEC
Développeur Python – DeepTech SaaS F/H,Externatic,101888,France,https://www.apec.fr/candidat/recherche-emploi.html/emploi/detail-offre/177967694W,2026-02-10,APEC
Responsable Données & IA F/H,Meteojob,101888,France,https://www.apec.fr/candidat/recherche-emploi.html/emploi/detail-offre/178011957W,2026-02-10,APEC
Responsable Données & IA F/H,cadremploi,101888,France,https://www.apec.fr/candidat/recherche-emploi.html/emploi/detail-offre/178017838W,2026-02-10,APEC
Administrateur Systèmes & Observabilité – Linux / Scripts F/H,BLUETHINK,101888,France,https://www.apec.fr/candidat/recherche-emploi.html/emploi/detail-offre/177967911W,2026-02-10,APEC
Commercial F/H,BLUETHINK,101888,France,https://www.apec.fr/candidat/recherche-emploi.html/emploi/detail-offre/177985530W,2026-02-10,APEC
Manager - Stratégie et modèle d'entreprise F/H,Capgemini,101888,France,https://www.apec.fr/candidat/recherche-emploi.html/emploi/detail-offre/178032250W,2026-02-10,APEC
Responsable Applicatif F/H,BLUETHINK,101888,France,https://www.apec.fr/candidat/recherche-emploi.html/emploi/detail-offre/177962613W,2026-02-10,APEC
Ingénieur Avant Vente / Architecte Solution Cloud & Infrastructures F/H,BLUETHINK,101888,France,https://www.apec.fr/candidat/recherche-emploi.html/emploi/detail-offre/177873872W,2026-02-10,APEC
Développeur Java / Python F/H,Externatic,101888,France,https://www.apec.fr/candidat/recherche-emploi.html/emploi/detail-offre/178095590W,2026-02-10,APEC
Data Engineer F/H,Hellowork,101888,France,https://www.apec.fr/candidat/recherche-emploi.html/emploi/detail-offre/177971595W,2026-02-10,APEC
Ingénieur AI / ML - ref NHA F/H,NEDSON,101888,France,https://www.apec.fr/candidat/recherche-emploi.html/emploi/detail-offre/178083814W,2026-02-10,APEC
Lead Back-End Python F/H,SILKHOM,101888,France,https://www.apec.fr/candidat/recherche-emploi.html/emploi/detail-offre/177931677W,2026-02-10,APEC
Machine Learning Engineer - Confirmé F/H,MATMUT,101888,France,https://www.apec.fr/candidat/recherche-emploi.html/emploi/detail-offre/177948505W,2026-02-10,APEC
Machine Learning Engineer - Confirmé F/H,MATMUT,101888,France,https://www.apec.fr/candidat/recherche-emploi.html/emploi/detail-offre/177948461W,2026-02-10,APEC
Développeur senior Golang et Kubernetes F/H,PLATEFORME DES DONNEES DE SANTE,101888,France,https://www.apec.fr/candidat/recherche-emploi.html/emploi/detail-offre/177803788W,2026-02-10,APEC
Scientist en Développement Procédé Upstream - SANOFI - R2839015 F/H,SUPPLAY LOGNES TC,101889,France,https://www.apec.fr/candidat/recherche-emploi.html/emploi/detail-offre/178025826W,2026-02-10,APEC
Spécialiste talents (3+ ans) — Outbound IT (Données/IA) — Selego F/H,SELEGO,101888,France,https://www.apec.fr/candidat/recherche-emploi.html/emploi/detail-offre/178056384W,2026-02-10,APEC
Ingénieur Data Science - Analyse Causale & Systèmes Complexes F/H,Hellowork,101888,France,https://www.apec.fr/candidat/recherche-emploi.html/emploi/detail-offre/177959579W,2026-02-10,APEC
Data Engineer - Aerospatial - Toulouse F/H,Handicap-Job.com,101888,France,https://www.apec.fr/candidat/recherche-emploi.html/emploi/detail-offre/178024260W,2026-02-10,APEC
Tech Lead DevOps - F/H,Seyos,101888,France,https://www.apec.fr/candidat/recherche-emploi.html/emploi/detail-offre/177910999W,2026-02-10,APEC
Tech Lead DevOps - F/H,Seyos,101888,France,https://www.apec.fr/candidat/recherche-emploi.html/emploi/detail-offre/177998749W,2026-02-10,APEC
Développeur Python - Deeptech Saas F/H,Hellowork,101888,France,https://www.apec.fr/candidat/recherche-emploi.html/emploi/detail-offre/177982064W,2026-02-10,APEC
Chef de Projet Implementation F/H,MY PEPIT RECRUTEMENT,101888,France,https://www.apec.fr/candidat/recherche-emploi.html/emploi/detail-offre/178055430W,2026-02-10,APEC
Ingénieur MLOps - ref NHA F/H,NEDSON,101888,France,https://www.apec.fr/candidat/recherche-emploi.html/emploi/detail-offre/178083902W,2026-02-10,APEC
Ingénieur DevOps Gpu F/H,Hellowork,101888,France,https://www.apec.fr/candidat/recherche-emploi.html/emploi/detail-offre/178100843W,2026-02-10,APEC
Tech Lead Simulation & 3D Engineering F/H,MINISTERE DES ARMEES ET DES ANCIENS COMBATTANTS,101888,France,https://www.apec.fr/candidat/recherche-emploi.html/emploi/detail-offre/177985185W,2026-02-10,APEC
Développeur Java - Python F/H,Hellowork,101888,France,https://www.apec.fr/candidat/recherche-emploi.html/emploi/detail-offre/177959446W,2026-02-10,APEC
Tech Lead DevOps F/H,Seyos,101888,France,https://www.apec.fr/candidat/recherche-emploi.html/emploi/detail-offre/177998750W,2026-02-10,APEC
automatisation des architectures TI F/H,CARREVOLUTIS,597137,France,https://www.apec.fr/candidat/recherche-emploi.html/emploi/detail-offre/177991504W,2026-02-10,APEC
Developpeur IA / Génération IA - Java & Python F/H,Capgemini,101888,France,https://www.apec.fr/candidat/recherche-emploi.html/emploi/detail-offre/178018278W,2026-02-10,APEC
Médecin Dim F/H,Hellowork,101888,France,https://www.apec.fr/candidat/recherche-emploi.html/emploi/detail-offre/177959164W,2026-02-10,APEC
Architecte Base de Données - CDI F/H,X-FAB FRANCE,101888,France,https://www.apec.fr/candidat/recherche-emploi.html/emploi/detail-offre/178091490W,2026-02-10,APEC
Adjoint au chef du pôle soutien et sécurisation numériques F/H,MINISTERE DE L'INTERIEUR,101888,France,https://www.apec.fr/candidat/recherche-emploi.html/emploi/detail-offre/178084548W,2026-02-10,APEC
Platform Tech Leader IT Data F/H,Hellowork,101888,France,https://www.apec.fr/candidat/recherche-emploi.html/emploi/detail-offre/177951960W,2026-02-10,APEC
CDD - Chef de projet IA et valorisation des données non structurées - F/H,URSSAF CAISSE NATIONALE,101887,France,https://www.apec.fr/candidat/recherche-emploi.html/emploi/detail-offre/178068220W,2026-02-10,APEC
Tech lead JAVA /fullstack - F/H,Handicap-Job.com,101888,France,https://www.apec.fr/candidat/recherche-emploi.html/emploi/detail-offre/178103069W,2026-02-10,APEC
Account Manager F/H,BETOMORROW,101888,France,https://www.apec.fr/candidat/recherche-emploi.html/emploi/detail-offre/177931909W,2026-02-10,APEC
"Développeur Python, C#, React F/H",Batiactu,101888,France,https://www.apec.fr/candidat/recherche-emploi.html/emploi/detail-offre/177961008W,2026-02-10,APEC
INGENIEUR DEVOPS PLATEFORME IA F/H,INFORMATIS TECHNOLOGY SYSTM,101888,France,https://www.apec.fr/candidat/recherche-emploi.html/emploi/detail-offre/178007084W,2026-02-10,APEC
Chercheur en Intelligence Artificielle - AI Agent F/H,Orange SA,101888,France,https://www.apec.fr/candidat/recherche-emploi.html/emploi/detail-offre/178076594W,2026-02-10,APEC
Team Lead IA - F/H,Atos,101888,France,https://www.apec.fr/candidat/recherche-emploi.html/emploi/detail-offre/178034642W,2026-02-10,APEC
IA Engineer F/H,Welcome to the Jungle,101888,France,https://www.apec.fr/candidat/recherche-emploi.html/emploi/detail-offre/178080432W,2026-02-10,APEC
Développeur Fullstack React - Python Senior F/H,Hellowork,101888,France,https://www.apec.fr/candidat/recherche-emploi.html/emploi/detail-offre/178003750W,2026-02-10,APEC
Actuaire - Assurance non-vie Automobile ) F/H,ACM GIE,101888,France,https://www.apec.fr/candidat/recherche-emploi.html/emploi/detail-offre/178057334W,2026-02-10,APEC
Contrôleur(euse) de Gestion - Analyste financier F/H,ACM GIE,101888,France,https://www.apec.fr/candidat/recherche-emploi.html/emploi/detail-offre/178090334W,2026-02-10,APEC
Contrôleur(euse) de Gestion - Analyste financier F/H,ACM GIE,101888,France,https://www.apec.fr/candidat/recherche-emploi.html/emploi/detail-offre/178090335W,2026-02-10,APEC
RESPONSABLE DES SYSTEMES INFORMATIQUES (LEAD TECH) F/H,BIBLIOTHEQUES SANS FRONTIERES,101888,France,https://www.apec.fr/candidat/recherche-emploi.html/emploi/detail-offre/178006669W,2026-02-10,APEC
Chargé de mission F/H,SYND SELECTION AVICOLES AQUACOL FRANCAIS,101887,France,https://www.apec.fr/candidat/recherche-emploi.html/emploi/detail-offre/178008826W,2026-02-10,APEC
Chargé de développement pédagogique en santé numérique F/H,Université de Bordeaux,101887,France,https://www.apec.fr/candidat/recherche-emploi.html/emploi/detail-offre/178033987W,2026-02-10,APEC
Développeur senior Infrastructure As Code et Kubernetes F/H,PLATEFORME DES DONNEES DE SANTE,101888,France,https://www.apec.fr/candidat/recherche-emploi.html/emploi/detail-offre/178048662W,2026-02-10,APEC
Ingénieur·e R&D qualité produit F/H,SCIENCE ME UP,101888,France,https://www.apec.fr/candidat/recherche-emploi.html/emploi/detail-offre/178050451W,2026-02-10,APEC
MACHINE LEARNING ENGINEER F/H,CDISCOUNT,101888,France,https://www.apec.fr/candidat/recherche-emploi.html/emploi/detail-offre/177993507W,2026-02-10,APEC
Consultant/Consultante Manager - People Strategy F/H,Capgemini,101888,France,https://www.apec.fr/candidat/recherche-emploi.html/emploi/detail-offre/178066983W,2026-02-10,APEC
Consultant/Consultante Manager Digital Finance F/H,Capgemini,101888,France,https://www.apec.fr/candidat/recherche-emploi.html/emploi/detail-offre/178095513W,2026-02-10,APEC
Team Lead IA - F/H,Handicap-Job.com,101888,France,https://www.apec.fr/candidat/recherche-emploi.html/emploi/detail-offre/178054283W,2026-02-10,APEC
Poitiers - Développeur Full Stack F/H,Hellowork,101888,France,https://www.apec.fr/candidat/recherche-emploi.html/emploi/detail-offre/178071307W,2026-02-10,APEC
Responsable des Offres IA F/H,Hellowork,101888,France,https://www.apec.fr/candidat/recherche-emploi.html/emploi/detail-offre/178061675W,2026-02-10,APEC
Consultant/Consultante Manager - Digital Workplace F/H,Capgemini,101888,France,https://www.apec.fr/candidat/recherche-emploi.html/emploi/detail-offre/178095510W,2026-02-10,APEC
Product Manager/PO F/H,Kelvya,101888,France,https://www.apec.fr/candidat/recherche-emploi.html/emploi/detail-offre/177946241W,2026-02-10,APEC
Chargé de Recrutement F/H,Hellowork,101887,France,https://www.apec.fr/candidat/recherche-emploi.html/emploi/detail-offre/178071161W,2026-02-10,APEC
Chargé d'Etudes Actuarielles F/H,Hellowork,101888,France,https://www.apec.fr/candidat/recherche-emploi.html/emploi/detail-offre/177938084W,2026-02-10,APEC
Secrétaire général de l'ENSAI F/H,GROUPE DES ECOLES NATIONALES D ECONOMIE ET STATISTIQUE,101888,France,https://www.apec.fr/candidat/recherche-emploi.html/emploi/detail-offre/177816398W,2026-02-10,APEC
